"trial","time_s","force_left","force_right","force_total"
"CMJ 1",0.002,334.5,395.1,729.6
"CMJ 1",0.004,334.6,394.5,729.1
"CMJ 1",0.006,334,393.4,727.4
"CMJ 1",0.008,333.1,391.2,724.3
"CMJ 1",0.01,334,394.5,728.5
"CMJ 1",0.012,334.1,393.4,727.5
"CMJ 1",0.014,334.5,395.1,729.6
"CMJ 1",0.016,333.5,393.4,726.9
"CMJ 1",0.018,333.5,394,727.5
"CMJ 1",0.02,332.6,393.4,726
"CMJ 1",0.022,332.8,392.3,725.1
"CMJ 1",0.024,334.1,394,728.1
"CMJ 1",0.026,334.5,394.5,729
"CMJ 1",0.028,334.3,394.5,728.8
"CMJ 1",0.03,333.7,392.9,726.6
"CMJ 1",0.032,334.8,393.4,728.2
"CMJ 1",0.034,333.1,391.2,724.3
"CMJ 1",0.036,333.5,393.4,726.9
"CMJ 1",0.038,333.5,393.4,726.9
"CMJ 1",0.04,333.1,393.4,726.5
"CMJ 1",0.042,335.4,391.2,726.6
"CMJ 1",0.044,334.2,392.9,727.1
"CMJ 1",0.046,333.5,394.5,728
"CMJ 1",0.048,333.8,394,727.8
"CMJ 1",0.05,333.5,392.9,726.4
"CMJ 1",0.052,333.1,390.6,723.7
"CMJ 1",0.054,333,394,727
"CMJ 1",0.056,333,395.1,728.1
"CMJ 1",0.058,333.5,396.2,729.7
"CMJ 1",0.06,333.8,392.8,726.6
"CMJ 1",0.062,332,394,726
"CMJ 1",0.064,333.9,394,727.9
"CMJ 1",0.066,334.2,395.1,729.3
"CMJ 1",0.068,335.6,395.1,730.7
"CMJ 1",0.07,332,393.4,725.4
"CMJ 1",0.072,332.8,395.1,727.9
"CMJ 1",0.074,333.9,395.1,729
"CMJ 1",0.076,334.2,395.1,729.3
"CMJ 1",0.078,334.2,396.2,730.4
"CMJ 1",0.08,333.8,395.6,729.4
"CMJ 1",0.082,333.8,396.2,730
"CMJ 1",0.084,334.6,395.6,730.2
"CMJ 1",0.086,333.8,396.7,730.5
"CMJ 1",0.088,333.8,396.2,730
"CMJ 1",0.09,335.1,395.6,730.7
"CMJ 1",0.092,335.1,395.6,730.7
"CMJ 1",0.094,334.6,397.3,731.9
"CMJ 1",0.096,334.9,397.8,732.7
"CMJ 1",0.098,334.2,395.6,729.8
"CMJ 1",0.1,335.5,396.2,731.7
"CMJ 1",0.102,334.5,395.6,730.1
"CMJ 1",0.104,334.1,395.6,729.7
"CMJ 1",0.106,334.5,398.4,732.9
"CMJ 1",0.108,333.2,396.7,729.9
"CMJ 1",0.11,333.2,398.4,731.6
"CMJ 1",0.112,334.6,397.8,732.4
"CMJ 1",0.114,334.4,397.8,732.2
"CMJ 1",0.116,333.9,398.4,732.3
"CMJ 1",0.118,333.9,396.2,730.1
"CMJ 1",0.12,333.7,397.8,731.5
"CMJ 1",0.122,334.4,396.2,730.6
"CMJ 1",0.124,333.9,397.3,731.2
"CMJ 1",0.126,333.8,397.3,731.1
"CMJ 1",0.128,334.1,397.8,731.9
"CMJ 1",0.13,334.5,396.2,730.7
"CMJ 1",0.132,333.9,395.6,729.5
"CMJ 1",0.134,334,396.2,730.2
"CMJ 1",0.136,332.7,395,727.7
"CMJ 1",0.138,333.1,395.6,728.7
"CMJ 1",0.14,333.2,394.5,727.7
"CMJ 1",0.142,333.6,393.9,727.5
"CMJ 1",0.144,333.8,391.7,725.5
"CMJ 1",0.146,335.7,395.6,731.3
"CMJ 1",0.148,333.5,394,727.5
"CMJ 1",0.15,333.9,395.1,729
"CMJ 1",0.152,333.7,392.3,726
"CMJ 1",0.154,334.1,392.8,726.9
"CMJ 1",0.156,334.1,393.9,728
"CMJ 1",0.158,334.4,391.7,726.1
"CMJ 1",0.16,334.5,393.9,728.4
"CMJ 1",0.162,333.6,393.4,727
"CMJ 1",0.164,334.7,392.8,727.5
"CMJ 1",0.166,334.2,394.5,728.7
"CMJ 1",0.168,337.3,395.1,732.4
"CMJ 1",0.17,334.4,391.2,725.6
"CMJ 1",0.172,334.5,391.7,726.2
"CMJ 1",0.174,334.3,393.4,727.7
"CMJ 1",0.176,335.4,391.7,727.1
"CMJ 1",0.178,336.9,392.8,729.7
"CMJ 1",0.18,336.1,390.1,726.2
"CMJ 1",0.182,335.3,393.4,728.7
"CMJ 1",0.184,334.5,393.4,727.9
"CMJ 1",0.186,336.9,394.5,731.4
"CMJ 1",0.188,335,392.8,727.8
"CMJ 1",0.19,335,391.7,726.7
"CMJ 1",0.192,335.6,391.7,727.3
"CMJ 1",0.194,334.7,392.8,727.5
"CMJ 1",0.196,336.5,395.1,731.6
"CMJ 1",0.198,337.3,392.8,730.1
"CMJ 1",0.2,337.3,391.2,728.5
"CMJ 1",0.202,336.4,391.2,727.6
"CMJ 1",0.204,335.9,392.3,728.2
"CMJ 1",0.206,335.4,393.9,729.3
"CMJ 1",0.208,335.4,392.3,727.7
"CMJ 1",0.21,335.9,392.3,728.2
"CMJ 1",0.212,335.2,391.2,726.4
"CMJ 1",0.214,336.8,391.2,728
"CMJ 1",0.216,336.4,393.9,730.3
"CMJ 1",0.218,335.9,391.2,727.1
"CMJ 1",0.22,335.9,391.2,727.1
"CMJ 1",0.222,336.1,391.2,727.3
"CMJ 1",0.224,335.9,391.2,727.1
"CMJ 1",0.226,336.9,392.8,729.7
"CMJ 1",0.228,336.1,392.3,728.4
"CMJ 1",0.23,335.9,392.3,728.2
"CMJ 1",0.232,335.8,391.7,727.5
"CMJ 1",0.234,336.4,394,730.4
"CMJ 1",0.236,336,391.2,727.2
"CMJ 1",0.238,337.2,391.7,728.9
"CMJ 1",0.24,337.3,391.1,728.4
"CMJ 1",0.242,335.8,392.3,728.1
"CMJ 1",0.244,336.8,390.1,726.9
"CMJ 1",0.246,335.9,392.3,728.2
"CMJ 1",0.248,335.9,392.8,728.7
"CMJ 1",0.25,337,392.3,729.3
"CMJ 1",0.252,335.8,390.6,726.4
"CMJ 1",0.254,335,391.2,726.2
"CMJ 1",0.256,336.6,391.2,727.8
"CMJ 1",0.258,337.3,389.5,726.8
"CMJ 1",0.26,335.9,391.2,727.1
"CMJ 1",0.262,338.2,389.5,727.7
"CMJ 1",0.264,336.7,392.3,729
"CMJ 1",0.266,338,392.3,730.3
"CMJ 1",0.268,337.2,392.3,729.5
"CMJ 1",0.27,336.6,390.6,727.2
"CMJ 1",0.272,338.1,391.7,729.8
"CMJ 1",0.274,337.1,391.7,728.8
"CMJ 1",0.276,337.7,392.3,730
"CMJ 1",0.278,336.3,388.4,724.7
"CMJ 1",0.28,336.9,391.7,728.6
"CMJ 1",0.282,338.5,390.1,728.6
"CMJ 1",0.284,337.7,390,727.7
"CMJ 1",0.286,337.3,390.6,727.9
"CMJ 1",0.288,337.3,391.1,728.4
"CMJ 1",0.29,337,390,727
"CMJ 1",0.292,338.2,391.1,729.3
"CMJ 1",0.294,338.1,389.5,727.6
"CMJ 1",0.296,337.2,393.4,730.6
"CMJ 1",0.298,338.6,390.6,729.2
"CMJ 1",0.3,339.2,392.8,732
"CMJ 1",0.302,337.6,388.4,726
"CMJ 1",0.304,338.5,388.9,727.4
"CMJ 1",0.306,337.3,391.2,728.5
"CMJ 1",0.308,337.7,391.2,728.9
"CMJ 1",0.31,338,390.6,728.6
"CMJ 1",0.312,338.9,391.7,730.6
"CMJ 1",0.314,338.9,390,728.9
"CMJ 1",0.316,338,391.2,729.2
"CMJ 1",0.318,338.1,391.2,729.3
"CMJ 1",0.32,337.9,392.3,730.2
"CMJ 1",0.322,338.5,389.5,728
"CMJ 1",0.324,338.6,391.7,730.3
"CMJ 1",0.326,338.8,392.8,731.6
"CMJ 1",0.328,338,392.8,730.8
"CMJ 1",0.33,339.4,391.7,731.1
"CMJ 1",0.332,338.3,392.3,730.6
"CMJ 1",0.334,338.9,392.3,731.2
"CMJ 1",0.336,338.2,391.2,729.4
"CMJ 1",0.338,337.3,392.3,729.6
"CMJ 1",0.34,337.6,390.6,728.2
"CMJ 1",0.342,338,390,728
"CMJ 1",0.344,338.9,389.5,728.4
"CMJ 1",0.346,337.9,391.7,729.6
"CMJ 1",0.348,338.8,391.7,730.5
"CMJ 1",0.35,338.7,390.6,729.3
"CMJ 1",0.352,339.3,389.5,728.8
"CMJ 1",0.354,338.3,390,728.3
"CMJ 1",0.356,338,390.6,728.6
"CMJ 1",0.358,338.5,391.7,730.2
"CMJ 1",0.36,338.4,391.2,729.6
"CMJ 1",0.362,339.4,392.3,731.7
"CMJ 1",0.364,338.4,390.6,729
"CMJ 1",0.366,338.9,392.3,731.2
"CMJ 1",0.368,337.9,390,727.9
"CMJ 1",0.37,339.2,391.1,730.3
"CMJ 1",0.372,337,389.5,726.5
"CMJ 1",0.374,339.5,390.6,730.1
"CMJ 1",0.376,339.7,390,729.7
"CMJ 1",0.378,338.7,390.6,729.3
"CMJ 1",0.38,339.3,389.5,728.8
"CMJ 1",0.382,338.8,391.1,729.9
"CMJ 1",0.384,337.9,390.6,728.5
"CMJ 1",0.386,338.5,391.7,730.2
"CMJ 1",0.388,337.3,391.1,728.4
"CMJ 1",0.39,338.4,390,728.4
"CMJ 1",0.392,338.7,390.6,729.3
"CMJ 1",0.394,339.7,390.6,730.3
"CMJ 1",0.396,337.8,390.6,728.4
"CMJ 1",0.398,338.2,390.6,728.8
"CMJ 1",0.4,337.8,391.1,728.9
"CMJ 1",0.402,338.2,389.5,727.7
"CMJ 1",0.404,338.6,390,728.6
"CMJ 1",0.406,338.1,390,728.1
"CMJ 1",0.408,335.9,389.5,725.4
"CMJ 1",0.41,338,391.1,729.1
"CMJ 1",0.412,336.4,389.5,725.9
"CMJ 1",0.414,338.1,391.1,729.2
"CMJ 1",0.416,339.5,390.6,730.1
"CMJ 1",0.418,338.6,392.2,730.8
"CMJ 1",0.42,337.7,389.5,727.2
"CMJ 1",0.422,338.7,391.7,730.4
"CMJ 1",0.424,339,390.6,729.6
"CMJ 1",0.426,338.6,391.7,730.3
"CMJ 1",0.428,339.9,391.7,731.6
"CMJ 1",0.43,338.7,390.6,729.3
"CMJ 1",0.432,339.1,390.6,729.7
"CMJ 1",0.434,338.1,387.8,725.9
"CMJ 1",0.436,337.9,390.6,728.5
"CMJ 1",0.438,338.2,390,728.2
"CMJ 1",0.44,339,390.6,729.6
"CMJ 1",0.442,339.4,388.9,728.3
"CMJ 1",0.444,338.8,389.5,728.3
"CMJ 1",0.446,338.6,389.5,728.1
"CMJ 1",0.448,338.6,391.1,729.7
"CMJ 1",0.45,338.7,390,728.7
"CMJ 1",0.452,338.5,390,728.5
"CMJ 1",0.454,338.6,390,728.6
"CMJ 1",0.456,338.1,390.6,728.7
"CMJ 1",0.458,338.2,390,728.2
"CMJ 1",0.46,336.3,388.9,725.2
"CMJ 1",0.462,338.4,390.6,729
"CMJ 1",0.464,337.8,387.8,725.6
"CMJ 1",0.466,337.7,391.1,728.8
"CMJ 1",0.468,337.3,388.4,725.7
"CMJ 1",0.47,337.7,388.4,726.1
"CMJ 1",0.472,338.1,388.9,727
"CMJ 1",0.474,337.2,387.8,725
"CMJ 1",0.476,337,390.6,727.6
"CMJ 1",0.478,337.3,388.4,725.7
"CMJ 1",0.48,337.2,388.9,726.1
"CMJ 1",0.482,336.4,389.5,725.9
"CMJ 1",0.484,336.3,391.1,727.4
"CMJ 1",0.486,336.6,389.5,726.1
"CMJ 1",0.488,336.2,390.6,726.8
"CMJ 1",0.49,336.2,387.8,724
"CMJ 1",0.492,337.1,388.4,725.5
"CMJ 1",0.494,335.4,388.9,724.3
"CMJ 1",0.496,336.8,390.6,727.4
"CMJ 1",0.498,336.6,388.9,725.5
"CMJ 1",0.5,336.8,392.3,729.1
"CMJ 1",0.502,336.6,387.3,723.9
"CMJ 1",0.504,335.4,387.3,722.7
"CMJ 1",0.506,337.1,388.4,725.5
"CMJ 1",0.508,335.9,388.9,724.8
"CMJ 1",0.51,335.7,389.5,725.2
"CMJ 1",0.512,335.2,388.9,724.1
"CMJ 1",0.514,334.8,387.2,722
"CMJ 1",0.516,336.6,388.9,725.5
"CMJ 1",0.518,336.7,386.7,723.4
"CMJ 1",0.52,336.6,386.7,723.3
"CMJ 1",0.522,336.1,390,726.1
"CMJ 1",0.524,336.3,387.8,724.1
"CMJ 1",0.526,335.8,389.5,725.3
"CMJ 1",0.528,336.5,388.9,725.4
"CMJ 1",0.53,336.5,387.3,723.8
"CMJ 1",0.532,337.6,387.3,724.9
"CMJ 1",0.534,336.7,386.1,722.8
"CMJ 1",0.536,335.2,386.1,721.3
"CMJ 1",0.538,336.8,387.2,724
"CMJ 1",0.54,337.6,387.8,725.4
"CMJ 1",0.542,337,388.3,725.3
"CMJ 1",0.544,337.1,386.7,723.8
"CMJ 1",0.546,336.7,388.9,725.6
"CMJ 1",0.548,336.3,387.8,724.1
"CMJ 1",0.55,337.2,388.4,725.6
"CMJ 1",0.552,336.4,387.2,723.6
"CMJ 1",0.554,336.8,390,726.8
"CMJ 1",0.556,336.4,389.5,725.9
"CMJ 1",0.558,335.9,390,725.9
"CMJ 1",0.56,334.7,389.5,724.2
"CMJ 1",0.562,335.9,390.6,726.5
"CMJ 1",0.564,335.9,388.9,724.8
"CMJ 1",0.566,336.9,391.1,728
"CMJ 1",0.568,336.1,390,726.1
"CMJ 1",0.57,335,391.1,726.1
"CMJ 1",0.572,336.5,390,726.5
"CMJ 1",0.574,335.4,389.5,724.9
"CMJ 1",0.576,336.1,391.1,727.2
"CMJ 1",0.578,336.6,391.1,727.7
"CMJ 1",0.58,335.7,392.3,728
"CMJ 1",0.582,335.6,391.7,727.3
"CMJ 1",0.584,336.1,391.7,727.8
"CMJ 1",0.586,337.4,391.7,729.1
"CMJ 1",0.588,335.6,393.4,729
"CMJ 1",0.59,336.2,391.7,727.9
"CMJ 1",0.592,337,391.7,728.7
"CMJ 1",0.594,337,391.1,728.1
"CMJ 1",0.596,336.1,389.5,725.6
"CMJ 1",0.598,338.7,393.4,732.1
"CMJ 1",0.6,336.5,390.6,727.1
"CMJ 1",0.602,337.3,390,727.3
"CMJ 1",0.604,338.5,389.5,728
"CMJ 1",0.606,337.5,391.7,729.2
"CMJ 1",0.608,338.8,392.2,731
"CMJ 1",0.61,338.4,390.6,729
"CMJ 1",0.612,337.4,390.6,728
"CMJ 1",0.614,337.5,390.6,728.1
"CMJ 1",0.616,337.9,391.7,729.6
"CMJ 1",0.618,338.3,391.7,730
"CMJ 1",0.62,337,390.6,727.6
"CMJ 1",0.622,337.7,388.9,726.6
"CMJ 1",0.624,337.9,391.7,729.6
"CMJ 1",0.626,338.6,390,728.6
"CMJ 1",0.628,337.8,392.3,730.1
"CMJ 1",0.63,338.7,390,728.7
"CMJ 1",0.632,338.7,390.6,729.3
"CMJ 1",0.634,337.7,388.9,726.6
"CMJ 1",0.636,337.9,390,727.9
"CMJ 1",0.638,337.8,389.5,727.3
"CMJ 1",0.64,337.4,389.5,726.9
"CMJ 1",0.642,337,388.9,725.9
"CMJ 1",0.644,337.4,390,727.4
"CMJ 1",0.646,338.2,389.5,727.7
"CMJ 1",0.648,337.8,391.7,729.5
"CMJ 1",0.65,337.4,391.7,729.1
"CMJ 1",0.652,338.3,390.6,728.9
"CMJ 1",0.654,338.3,390.6,728.9
"CMJ 1",0.656,337.3,391.7,729
"CMJ 1",0.658,337.6,392.3,729.9
"CMJ 1",0.66,338,390.6,728.6
"CMJ 1",0.662,340.1,390.6,730.7
"CMJ 1",0.664,337.9,390.6,728.5
"CMJ 1",0.666,338.8,391.7,730.5
"CMJ 1",0.668,338.4,392.3,730.7
"CMJ 1",0.67,338.8,392.3,731.1
"CMJ 1",0.672,337.5,391.1,728.6
"CMJ 1",0.674,339.2,390,729.2
"CMJ 1",0.676,338.2,389.5,727.7
"CMJ 1",0.678,339.2,392.3,731.5
"CMJ 1",0.68,337.9,392.8,730.7
"CMJ 1",0.682,339.1,392.8,731.9
"CMJ 1",0.684,336.1,388.9,725
"CMJ 1",0.686,338.1,390.6,728.7
"CMJ 1",0.688,337.6,392.3,729.9
"CMJ 1",0.69,337.1,390.6,727.7
"CMJ 1",0.692,337.7,388.9,726.6
"CMJ 1",0.694,336.6,389.5,726.1
"CMJ 1",0.696,337.3,390,727.3
"CMJ 1",0.698,337.6,390.6,728.2
"CMJ 1",0.7,336.6,390.6,727.2
"CMJ 1",0.702,337.4,391.1,728.5
"CMJ 1",0.704,335.5,387.3,722.8
"CMJ 1",0.706,337.1,391.7,728.8
"CMJ 1",0.708,337.4,392.3,729.7
"CMJ 1",0.71,335.2,390.6,725.8
"CMJ 1",0.712,336.7,390,726.7
"CMJ 1",0.714,337.1,390.6,727.7
"CMJ 1",0.716,336.3,390.6,726.9
"CMJ 1",0.718,334.4,388.9,723.3
"CMJ 1",0.72,335.1,389.5,724.6
"CMJ 1",0.722,335.2,390,725.2
"CMJ 1",0.724,335.3,388.9,724.2
"CMJ 1",0.726,336.4,390.6,727
"CMJ 1",0.728,335.3,391.1,726.4
"CMJ 1",0.73,336.6,390.6,727.2
"CMJ 1",0.732,335.9,389.5,725.4
"CMJ 1",0.734,335.5,390,725.5
"CMJ 1",0.736,335.1,389.5,724.6
"CMJ 1",0.738,336.5,391.2,727.7
"CMJ 1",0.74,336.4,389.5,725.9
"CMJ 1",0.742,336,391.2,727.2
"CMJ 1",0.744,337.3,391.2,728.5
"CMJ 1",0.746,336.7,391.2,727.9
"CMJ 1",0.748,336.7,392.3,729
"CMJ 1",0.75,336.5,390.6,727.1
"CMJ 1",0.752,336.4,389.5,725.9
"CMJ 1",0.754,336.1,390.6,726.7
"CMJ 1",0.756,336.5,389.5,726
"CMJ 1",0.758,337.8,392.8,730.6
"CMJ 1",0.76,337.2,391.2,728.4
"CMJ 1",0.762,335.9,392.3,728.2
"CMJ 1",0.764,335.9,392.3,728.2
"CMJ 1",0.766,337.9,392.3,730.2
"CMJ 1",0.768,337.6,393.9,731.5
"CMJ 1",0.77,336.3,390.6,726.9
"CMJ 1",0.772,335.9,391.2,727.1
"CMJ 1",0.774,336.1,392.3,728.4
"CMJ 1",0.776,337.9,392.8,730.7
"CMJ 1",0.778,336.2,391.7,727.9
"CMJ 1",0.78,336.5,391.2,727.7
"CMJ 1",0.782,337.8,393.4,731.2
"CMJ 1",0.784,337.4,392.3,729.7
"CMJ 1",0.786,336.6,392.3,728.9
"CMJ 1",0.788,336.7,392.8,729.5
"CMJ 1",0.79,336.9,392.8,729.7
"CMJ 1",0.792,337,391.2,728.2
"CMJ 1",0.794,336.3,391.2,727.5
"CMJ 1",0.796,337.4,391.2,728.6
"CMJ 1",0.798,338.3,392.3,730.6
"CMJ 1",0.8,337.7,392.3,730
"CMJ 1",0.802,336,390.6,726.6
"CMJ 1",0.804,337.8,391.2,729
"CMJ 1",0.806,338.3,390,728.3
"CMJ 1",0.808,335.6,392.3,727.9
"CMJ 1",0.81,337.2,390.6,727.8
"CMJ 1",0.812,336.9,391.7,728.6
"CMJ 1",0.814,338.9,390.6,729.5
"CMJ 1",0.816,338.8,390.6,729.4
"CMJ 1",0.818,337.9,390,727.9
"CMJ 1",0.82,337.9,389.5,727.4
"CMJ 1",0.822,336.8,389.5,726.3
"CMJ 1",0.824,339.2,388.9,728.1
"CMJ 1",0.826,336.8,388.9,725.7
"CMJ 1",0.828,338.2,390,728.2
"CMJ 1",0.83,337.3,391.1,728.4
"CMJ 1",0.832,337.8,389.5,727.3
"CMJ 1",0.834,336.5,388.9,725.4
"CMJ 1",0.836,337.3,389.5,726.8
"CMJ 1",0.838,335.9,390.6,726.5
"CMJ 1",0.84,337.8,390.6,728.4
"CMJ 1",0.842,337.6,390,727.6
"CMJ 1",0.844,337,388.9,725.9
"CMJ 1",0.846,337.4,388.4,725.8
"CMJ 1",0.848,336.8,390,726.8
"CMJ 1",0.85,335.9,391.7,727.6
"CMJ 1",0.852,337.4,390,727.4
"CMJ 1",0.854,337.3,390.6,727.9
"CMJ 1",0.856,336,390,726
"CMJ 1",0.858,336.9,391.7,728.6
"CMJ 1",0.86,337.2,392.3,729.5
"CMJ 1",0.862,336.4,390.6,727
"CMJ 1",0.864,335.5,390.6,726.1
"CMJ 1",0.866,335.5,395,730.5
"CMJ 1",0.868,335.1,391.2,726.3
"CMJ 1",0.87,336.2,392.8,729
"CMJ 1",0.872,335.9,390.6,726.5
"CMJ 1",0.874,336.8,390.6,727.4
"CMJ 1",0.876,336,391.2,727.2
"CMJ 1",0.878,336,393.9,729.9
"CMJ 1",0.88,335,391.2,726.2
"CMJ 1",0.882,336.5,391.7,728.2
"CMJ 1",0.884,336.4,391.7,728.1
"CMJ 1",0.886,338.6,393.4,732
"CMJ 1",0.888,336.4,393.4,729.8
"CMJ 1",0.89,335.6,392.3,727.9
"CMJ 1",0.892,337,390.6,727.6
"CMJ 1",0.894,336.5,393.4,729.9
"CMJ 1",0.896,337.9,392.8,730.7
"CMJ 1",0.898,336,392.8,728.8
"CMJ 1",0.9,337.1,392.8,729.9
"CMJ 1",0.902,336.9,393.4,730.3
"CMJ 1",0.904,335.1,392.3,727.4
"CMJ 1",0.906,337.6,392.8,730.4
"CMJ 1",0.908,338.2,393.9,732.1
"CMJ 1",0.91,337.4,392.8,730.2
"CMJ 1",0.912,338.3,393.9,732.2
"CMJ 1",0.914,339.3,393.4,732.7
"CMJ 1",0.916,338.7,392.8,731.5
"CMJ 1",0.918,338.3,395.1,733.4
"CMJ 1",0.92,336.5,393.9,730.4
"CMJ 1",0.922,338.9,393.9,732.8
"CMJ 1",0.924,338.2,394.5,732.7
"CMJ 1",0.926,338,393.9,731.9
"CMJ 1",0.928,339.1,395.1,734.2
"CMJ 1",0.93,338.7,395.1,733.8
"CMJ 1",0.932,339.3,392.8,732.1
"CMJ 1",0.934,337.8,394.5,732.3
"CMJ 1",0.936,338.5,392.3,730.8
"CMJ 1",0.938,339.1,393.9,733
"CMJ 1",0.94,338.3,391.2,729.5
"CMJ 1",0.942,337.3,391.2,728.5
"CMJ 1",0.944,337.4,392.8,730.2
"CMJ 1",0.946,337.3,393.4,730.7
"CMJ 1",0.948,338,392.3,730.3
"CMJ 1",0.95,336.4,391.2,727.6
"CMJ 1",0.952,335.9,393.9,729.8
"CMJ 1",0.954,336.1,391.7,727.8
"CMJ 1",0.956,335.5,391.7,727.2
"CMJ 1",0.958,336.7,392.3,729
"CMJ 1",0.96,336.5,392.8,729.3
"CMJ 1",0.962,336,390,726
"CMJ 1",0.964,335,390.6,725.6
"CMJ 1",0.966,336.3,390.6,726.9
"CMJ 1",0.968,336.3,390.6,726.9
"CMJ 1",0.97,336.1,388.4,724.5
"CMJ 1",0.972,335.5,387.8,723.3
"CMJ 1",0.974,336.4,388.9,725.3
"CMJ 1",0.976,335.1,389.5,724.6
"CMJ 1",0.978,336.8,388.9,725.7
"CMJ 1",0.98,337.3,388.9,726.2
"CMJ 1",0.982,337.3,390,727.3
"CMJ 1",0.984,336.5,388.4,724.9
"CMJ 1",0.986,336.9,387.8,724.7
"CMJ 1",0.988,335.5,390,725.5
"CMJ 1",0.99,335.5,387.8,723.3
"CMJ 1",0.992,335.7,387.8,723.5
"CMJ 1",0.994,337,386.2,723.2
"CMJ 1",0.996,336.6,387.8,724.4
"CMJ 1",0.998,336.8,386.7,723.5
"CMJ 1",1,335.9,387.3,723.2
"CMJ 1",1.002,335.9,386.1,722
"CMJ 1",1.004,334.7,387.3,722
"CMJ 1",1.006,334.3,383.4,717.7
"CMJ 1",1.008,335.8,386.7,722.5
"CMJ 1",1.01,335.1,386.2,721.3
"CMJ 1",1.012,334.7,386.7,721.4
"CMJ 1",1.014,335.1,387.3,722.4
"CMJ 1",1.016,335.1,386.7,721.8
"CMJ 1",1.018,334.4,387.8,722.2
"CMJ 1",1.02,334.8,387.3,722.1
"CMJ 1",1.022,334.4,386.2,720.6
"CMJ 1",1.024,333.1,386.2,719.3
"CMJ 1",1.026,334.4,386.2,720.6
"CMJ 1",1.028,334.8,388.4,723.2
"CMJ 1",1.03,334.4,386.7,721.1
"CMJ 1",1.032,334.8,387.8,722.6
"CMJ 1",1.034,335.7,388.4,724.1
"CMJ 1",1.036,335.2,387.3,722.5
"CMJ 1",1.038,334.2,388.4,722.6
"CMJ 1",1.04,334.4,388.4,722.8
"CMJ 1",1.042,335.2,388.4,723.6
"CMJ 1",1.044,335.3,388.9,724.2
"CMJ 1",1.046,335.7,389.5,725.2
"CMJ 1",1.048,334.4,389.5,723.9
"CMJ 1",1.05,337.5,391.2,728.7
"CMJ 1",1.052,335.6,388.9,724.5
"CMJ 1",1.054,336.2,390.1,726.3
"CMJ 1",1.056,336,391.7,727.7
"CMJ 1",1.058,336.5,390.6,727.1
"CMJ 1",1.06,335.7,390.6,726.3
"CMJ 1",1.062,336.6,390.1,726.7
"CMJ 1",1.064,335.1,391.2,726.3
"CMJ 1",1.066,335.2,390.6,725.8
"CMJ 1",1.068,335.8,391.2,727
"CMJ 1",1.07,335.6,391.7,727.3
"CMJ 1",1.072,336.4,390.1,726.5
"CMJ 1",1.074,336.1,391.7,727.8
"CMJ 1",1.076,336.6,390.6,727.2
"CMJ 1",1.078,335.5,392.3,727.8
"CMJ 1",1.08,335.8,392.8,728.6
"CMJ 1",1.082,335.2,391.7,726.9
"CMJ 1",1.084,335.2,391.2,726.4
"CMJ 1",1.086,334.2,390.6,724.8
"CMJ 1",1.088,337,392.3,729.3
"CMJ 1",1.09,335.9,392.8,728.7
"CMJ 1",1.092,334.9,390.6,725.5
"CMJ 1",1.094,336.3,391.7,728
"CMJ 1",1.096,336,390.6,726.6
"CMJ 1",1.098,336.3,392.3,728.6
"CMJ 1",1.1,336.6,392.9,729.5
"CMJ 1",1.102,337.4,390.6,728
"CMJ 1",1.104,335.9,390.1,726
"CMJ 1",1.106,337.1,389.5,726.6
"CMJ 1",1.108,336,391.7,727.7
"CMJ 1",1.11,335.2,391.7,726.9
"CMJ 1",1.112,336,391.2,727.2
"CMJ 1",1.114,336,390.1,726.1
"CMJ 1",1.116,336,392.3,728.3
"CMJ 1",1.118,336,390.6,726.6
"CMJ 1",1.12,336.1,391.2,727.3
"CMJ 1",1.122,336.6,391.2,727.8
"CMJ 1",1.124,335.2,391.2,726.4
"CMJ 1",1.126,334.9,390.6,725.5
"CMJ 1",1.128,335.7,393.4,729.1
"CMJ 1",1.13,336.2,391.2,727.4
"CMJ 1",1.132,336,391.7,727.7
"CMJ 1",1.134,336.1,391.7,727.8
"CMJ 1",1.136,335.8,392.8,728.6
"CMJ 1",1.138,334.7,392.3,727
"CMJ 1",1.14,334.8,392.3,727.1
"CMJ 1",1.142,336.1,391.7,727.8
"CMJ 1",1.144,335.8,392.3,728.1
"CMJ 1",1.146,335.8,392.3,728.1
"CMJ 1",1.148,337.1,393.4,730.5
"CMJ 1",1.15,335.7,393.4,729.1
"CMJ 1",1.152,335.2,391.7,726.9
"CMJ 1",1.154,336.2,390.1,726.3
"CMJ 1",1.156,335.8,392.3,728.1
"CMJ 1",1.158,335.8,392.8,728.6
"CMJ 1",1.16,336.7,390.1,726.8
"CMJ 1",1.162,335.3,390.6,725.9
"CMJ 1",1.164,336.4,390.1,726.5
"CMJ 1",1.166,336.3,390.1,726.4
"CMJ 1",1.168,335.7,390.6,726.3
"CMJ 1",1.17,335.8,391.7,727.5
"CMJ 1",1.172,334.9,391.7,726.6
"CMJ 1",1.174,333.5,390.1,723.6
"CMJ 1",1.176,334.8,390.6,725.4
"CMJ 1",1.178,335.3,389,724.3
"CMJ 1",1.18,334.4,391.2,725.6
"CMJ 1",1.182,334.4,391.7,726.1
"CMJ 1",1.184,333.9,389.5,723.4
"CMJ 1",1.186,333.1,388.9,722
"CMJ 1",1.188,334.9,390.6,725.5
"CMJ 1",1.19,335.7,390.1,725.8
"CMJ 1",1.192,334.9,390.1,725
"CMJ 1",1.194,335.4,387.8,723.2
"CMJ 1",1.196,334.8,389.5,724.3
"CMJ 1",1.198,333.5,390.6,724.1
"CMJ 1",1.2,334.8,390,724.8
"CMJ 1",1.202,333.1,388.4,721.5
"CMJ 1",1.204,333.2,390.1,723.3
"CMJ 1",1.206,334.1,391.7,725.8
"CMJ 1",1.208,334,390.6,724.6
"CMJ 1",1.21,334.5,390.1,724.6
"CMJ 1",1.212,335,390.1,725.1
"CMJ 1",1.214,334.3,390.1,724.4
"CMJ 1",1.216,335.1,391.2,726.3
"CMJ 1",1.218,333.6,390.6,724.2
"CMJ 1",1.22,334.6,389.5,724.1
"CMJ 1",1.222,334.9,389,723.9
"CMJ 1",1.224,334.7,391.2,725.9
"CMJ 1",1.226,335.4,390.6,726
"CMJ 1",1.228,335.7,391.2,726.9
"CMJ 1",1.23,335.5,391.7,727.2
"CMJ 1",1.232,335.3,391.7,727
"CMJ 1",1.234,335,391.7,726.7
"CMJ 1",1.236,334.9,391.2,726.1
"CMJ 1",1.238,333.2,392.8,726
"CMJ 1",1.24,335.5,391.7,727.2
"CMJ 1",1.242,334.4,391.2,725.6
"CMJ 1",1.244,332.5,391.2,723.7
"CMJ 1",1.246,334.1,392.3,726.4
"CMJ 1",1.248,334.1,391.2,725.3
"CMJ 1",1.25,334.9,391.7,726.6
"CMJ 1",1.252,333.6,389.5,723.1
"CMJ 1",1.254,335.3,391.2,726.5
"CMJ 1",1.256,334.8,391.2,726
"CMJ 1",1.258,334.1,390.6,724.7
"CMJ 1",1.26,333.1,391.2,724.3
"CMJ 1",1.262,334.9,391.7,726.6
"CMJ 1",1.264,334.6,390.6,725.2
"CMJ 1",1.266,335.9,391.7,727.6
"CMJ 1",1.268,335.5,391.2,726.7
"CMJ 1",1.27,334.9,390.6,725.5
"CMJ 1",1.272,334.1,390.6,724.7
"CMJ 1",1.274,333.6,391.2,724.8
"CMJ 1",1.276,334.8,389.5,724.3
"CMJ 1",1.278,334.6,390.1,724.7
"CMJ 1",1.28,334.9,389.5,724.4
"CMJ 1",1.282,335.4,390.6,726
"CMJ 1",1.284,334.7,388.9,723.6
"CMJ 1",1.286,336.3,392.8,729.1
"CMJ 1",1.288,338.2,392.8,731
"CMJ 1",1.29,336.8,392.8,729.6
"CMJ 1",1.292,338.2,392.3,730.5
"CMJ 1",1.294,337.4,391.7,729.1
"CMJ 1",1.296,338.6,392.8,731.4
"CMJ 1",1.298,336.2,392.3,728.5
"CMJ 1",1.3,338.2,392.8,731
"CMJ 1",1.302,336.3,392.8,729.1
"CMJ 1",1.304,336.8,392.3,729.1
"CMJ 1",1.306,336.6,390.1,726.7
"CMJ 1",1.308,336.6,392.3,728.9
"CMJ 1",1.31,334.4,391.7,726.1
"CMJ 1",1.312,337.1,392.8,729.9
"CMJ 1",1.314,336.5,392.8,729.3
"CMJ 1",1.316,336.3,393.4,729.7
"CMJ 1",1.318,338.5,392.3,730.8
"CMJ 1",1.32,336.3,391.7,728
"CMJ 1",1.322,336.8,393.9,730.7
"CMJ 1",1.324,337.2,394,731.2
"CMJ 1",1.326,338.2,391.7,729.9
"CMJ 1",1.328,337.6,394.5,732.1
"CMJ 1",1.33,338.3,395.6,733.9
"CMJ 1",1.332,337.3,394,731.3
"CMJ 1",1.334,335.8,394.5,730.3
"CMJ 1",1.336,334.8,392.8,727.6
"CMJ 1",1.338,336.8,394,730.8
"CMJ 1",1.34,336.3,394,730.3
"CMJ 1",1.342,336.2,394.5,730.7
"CMJ 1",1.344,338.1,391.7,729.8
"CMJ 1",1.346,337.5,391.7,729.2
"CMJ 1",1.348,336.3,394,730.3
"CMJ 1",1.35,335.8,394,729.8
"CMJ 1",1.352,338.5,393.4,731.9
"CMJ 1",1.354,335.8,393.4,729.2
"CMJ 1",1.356,336.7,392.8,729.5
"CMJ 1",1.358,335.8,393.4,729.2
"CMJ 1",1.36,335.9,395.1,731
"CMJ 1",1.362,336.9,392.3,729.2
"CMJ 1",1.364,336.7,393.4,730.1
"CMJ 1",1.366,337.2,395.6,732.8
"CMJ 1",1.368,336.2,394.5,730.7
"CMJ 1",1.37,336.1,393.9,730
"CMJ 1",1.372,337.3,394.5,731.8
"CMJ 1",1.374,336.6,393.9,730.5
"CMJ 1",1.376,337.5,393.4,730.9
"CMJ 1",1.378,338.1,393.4,731.5
"CMJ 1",1.38,338,393.4,731.4
"CMJ 1",1.382,337.5,393.9,731.4
"CMJ 1",1.384,338.7,393.9,732.6
"CMJ 1",1.386,338.1,392.8,730.9
"CMJ 1",1.388,339,394.5,733.5
"CMJ 1",1.39,337.5,394.5,732
"CMJ 1",1.392,338.2,394.5,732.7
"CMJ 1",1.394,337.4,392.8,730.2
"CMJ 1",1.396,337.9,393.4,731.3
"CMJ 1",1.398,339.2,394.5,733.7
"CMJ 1",1.4,338.3,394,732.3
"CMJ 1",1.402,337.6,393.9,731.5
"CMJ 1",1.404,338.4,390.6,729
"CMJ 1",1.406,337.9,392.3,730.2
"CMJ 1",1.408,336.6,393.9,730.5
"CMJ 1",1.41,336.7,392.3,729
"CMJ 1",1.412,338.7,391.2,729.9
"CMJ 1",1.414,338.4,391.7,730.1
"CMJ 1",1.416,338.3,391.2,729.5
"CMJ 1",1.418,337.9,392.3,730.2
"CMJ 1",1.42,338,391.7,729.7
"CMJ 1",1.422,337.5,392.8,730.3
"CMJ 1",1.424,337.3,391.7,729
"CMJ 1",1.426,338,390.6,728.6
"CMJ 1",1.428,337.5,391.2,728.7
"CMJ 1",1.43,336.7,392.3,729
"CMJ 1",1.432,336.3,391.2,727.5
"CMJ 1",1.434,337.1,391.2,728.3
"CMJ 1",1.436,336.3,389.5,725.8
"CMJ 1",1.438,337.1,390.6,727.7
"CMJ 1",1.44,336.2,390,726.2
"CMJ 1",1.442,336.3,390,726.3
"CMJ 1",1.444,335.6,389.5,725.1
"CMJ 1",1.446,336.2,388.9,725.1
"CMJ 1",1.448,336,387.3,723.3
"CMJ 1",1.45,336.3,390,726.3
"CMJ 1",1.452,335.8,388.9,724.7
"CMJ 1",1.454,335,390,725
"CMJ 1",1.456,335.9,388.9,724.8
"CMJ 1",1.458,335.8,390.6,726.4
"CMJ 1",1.46,335.1,388.9,724
"CMJ 1",1.462,335.3,389.5,724.8
"CMJ 1",1.464,336,388.9,724.9
"CMJ 1",1.466,336.7,391.7,728.4
"CMJ 1",1.468,335.8,388.9,724.7
"CMJ 1",1.47,335.4,388.9,724.3
"CMJ 1",1.472,334.3,390,724.3
"CMJ 1",1.474,335.3,388.4,723.7
"CMJ 1",1.476,335.4,390,725.4
"CMJ 1",1.478,334.6,389.5,724.1
"CMJ 1",1.48,335.4,390,725.4
"CMJ 1",1.482,335.2,390.6,725.8
"CMJ 1",1.484,335.8,390,725.8
"CMJ 1",1.486,336.2,390.6,726.8
"CMJ 1",1.488,336.6,391.2,727.8
"CMJ 1",1.49,336.1,391.7,727.8
"CMJ 1",1.492,337.4,390.6,728
"CMJ 1",1.494,336.6,392.8,729.4
"CMJ 1",1.496,337.1,391.7,728.8
"CMJ 1",1.498,335.7,391.2,726.9
"CMJ 1",1.5,336.8,391.2,728
"CMJ 1",1.502,337,391.1,728.1
"CMJ 1",1.504,336.2,391.7,727.9
"CMJ 1",1.506,335.5,391.7,727.2
"CMJ 1",1.508,336.1,391.7,727.8
"CMJ 1",1.51,336,393.4,729.4
"CMJ 1",1.512,337,392.3,729.3
"CMJ 1",1.514,336.1,391.2,727.3
"CMJ 1",1.516,335.7,390.6,726.3
"CMJ 1",1.518,336.1,390.6,726.7
"CMJ 1",1.52,336,391.1,727.1
"CMJ 1",1.522,335,390,725
"CMJ 1",1.524,335.7,391.7,727.4
"CMJ 1",1.526,337.2,391.1,728.3
"CMJ 1",1.528,336.5,390,726.5
"CMJ 1",1.53,336.7,392.3,729
"CMJ 1",1.532,337,390,727
"CMJ 1",1.534,336.1,390.6,726.7
"CMJ 1",1.536,336.3,390,726.3
"CMJ 1",1.538,337.3,391.1,728.4
"CMJ 1",1.54,336.6,390,726.6
"CMJ 1",1.542,338.2,392.3,730.5
"CMJ 1",1.544,336.9,390.6,727.5
"CMJ 1",1.546,335.5,392.8,728.3
"CMJ 1",1.548,336.3,392.3,728.6
"CMJ 1",1.55,338.1,395,733.1
"CMJ 1",1.552,336.9,391.7,728.6
"CMJ 1",1.554,336.5,391.7,728.2
"CMJ 1",1.556,336.5,390,726.5
"CMJ 1",1.558,338.8,393.4,732.2
"CMJ 1",1.56,336.9,391.7,728.6
"CMJ 1",1.562,336.5,392.8,729.3
"CMJ 1",1.564,338.1,391.1,729.2
"CMJ 1",1.566,338.7,393.9,732.6
"CMJ 1",1.568,338.1,391.7,729.8
"CMJ 1",1.57,335.9,392.8,728.7
"CMJ 1",1.572,335.8,391.1,726.9
"CMJ 1",1.574,337.3,390.6,727.9
"CMJ 1",1.576,336.3,392.3,728.6
"CMJ 1",1.578,336.9,392.2,729.1
"CMJ 1",1.58,337.8,391.7,729.5
"CMJ 1",1.582,337.8,391.1,728.9
"CMJ 1",1.584,338.4,389.5,727.9
"CMJ 1",1.586,338.6,390.6,729.2
"CMJ 1",1.588,337.6,390.6,728.2
"CMJ 1",1.59,337.4,391.7,729.1
"CMJ 1",1.592,338.6,390.6,729.2
"CMJ 1",1.594,337.6,390,727.6
"CMJ 1",1.596,337.1,390,727.1
"CMJ 1",1.598,338.1,390,728.1
"CMJ 1",1.6,337.6,391.1,728.7
"CMJ 1",1.602,338.2,389.5,727.7
"CMJ 1",1.604,337.4,388.9,726.3
"CMJ 1",1.606,337.8,390.6,728.4
"CMJ 1",1.608,337.6,388.9,726.5
"CMJ 1",1.61,337.8,391.7,729.5
"CMJ 1",1.612,337.5,391.1,728.6
"CMJ 1",1.614,338.6,391.1,729.7
"CMJ 1",1.616,338.6,388.4,727
"CMJ 1",1.618,339,389.5,728.5
"CMJ 1",1.62,338.9,388.9,727.8
"CMJ 1",1.622,338.6,388.9,727.5
"CMJ 1",1.624,339,388.4,727.4
"CMJ 1",1.626,339.4,388.9,728.3
"CMJ 1",1.628,338,388.9,726.9
"CMJ 1",1.63,339.4,389.5,728.9
"CMJ 1",1.632,339.4,390.6,730
"CMJ 1",1.634,340.3,387.8,728.1
"CMJ 1",1.636,339.1,388.4,727.5
"CMJ 1",1.638,338.3,388.4,726.7
"CMJ 1",1.64,339.5,388.9,728.4
"CMJ 1",1.642,338.6,387.8,726.4
"CMJ 1",1.644,337.6,388.4,726
"CMJ 1",1.646,337.6,387.8,725.4
"CMJ 1",1.648,337.9,390.6,728.5
"CMJ 1",1.65,338.5,390,728.5
"CMJ 1",1.652,338,387.8,725.8
"CMJ 1",1.654,339.9,387.3,727.2
"CMJ 1",1.656,338.3,388.9,727.2
"CMJ 1",1.658,339,388.9,727.9
"CMJ 1",1.66,339.1,388.4,727.5
"CMJ 1",1.662,339.5,388.4,727.9
"CMJ 1",1.664,339.9,389.5,729.4
"CMJ 1",1.666,339.1,387.8,726.9
"CMJ 1",1.668,338.2,388.4,726.6
"CMJ 1",1.67,338.7,388.9,727.6
"CMJ 1",1.672,338.2,388.9,727.1
"CMJ 1",1.674,339.1,388.9,728
"CMJ 1",1.676,339.4,389.5,728.9
"CMJ 1",1.678,339,388.9,727.9
"CMJ 1",1.68,339.1,388.9,728
"CMJ 1",1.682,340.6,388.4,729
"CMJ 1",1.684,338.7,391.1,729.8
"CMJ 1",1.686,339.4,388.4,727.8
"CMJ 1",1.688,338.2,388.9,727.1
"CMJ 1",1.69,337.6,389.5,727.1
"CMJ 1",1.692,338.6,392.3,730.9
"CMJ 1",1.694,338.3,389.5,727.8
"CMJ 1",1.696,338.2,390.6,728.8
"CMJ 1",1.698,337.1,391.7,728.8
"CMJ 1",1.7,339.1,389.5,728.6
"CMJ 1",1.702,339.4,390,729.4
"CMJ 1",1.704,338.6,389.5,728.1
"CMJ 1",1.706,338.9,390.6,729.5
"CMJ 1",1.708,338.2,390.6,728.8
"CMJ 1",1.71,338.2,391.7,729.9
"CMJ 1",1.712,337.5,389.5,727
"CMJ 1",1.714,338.2,391.1,729.3
"CMJ 1",1.716,338.6,390,728.6
"CMJ 1",1.718,338.6,390,728.6
"CMJ 1",1.72,338.3,388.9,727.2
"CMJ 1",1.722,337,388.9,725.9
"CMJ 1",1.724,339,390.6,729.6
"CMJ 1",1.726,337.2,390,727.2
"CMJ 1",1.728,338.5,390.6,729.1
"CMJ 1",1.73,337.4,391.7,729.1
"CMJ 1",1.732,337.4,391.2,728.6
"CMJ 1",1.734,338.3,391.1,729.4
"CMJ 1",1.736,337.4,389.5,726.9
"CMJ 1",1.738,339.3,390,729.3
"CMJ 1",1.74,336.5,390.6,727.1
"CMJ 1",1.742,336.6,390,726.6
"CMJ 1",1.744,337.9,391.2,729.1
"CMJ 1",1.746,337.3,391.7,729
"CMJ 1",1.748,337.4,391.7,729.1
"CMJ 1",1.75,338.5,391.7,730.2
"CMJ 1",1.752,335.9,390,725.9
"CMJ 1",1.754,337.3,392.2,729.5
"CMJ 1",1.756,337.4,391.7,729.1
"CMJ 1",1.758,336.5,391.7,728.2
"CMJ 1",1.76,335.7,390.6,726.3
"CMJ 1",1.762,336.1,389.5,725.6
"CMJ 1",1.764,335.4,392.3,727.7
"CMJ 1",1.766,335.7,392.3,728
"CMJ 1",1.768,335.8,392.3,728.1
"CMJ 1",1.77,336.6,392.8,729.4
"CMJ 1",1.772,336.2,391.2,727.4
"CMJ 1",1.774,336.8,390,726.8
"CMJ 1",1.776,335.7,391.7,727.4
"CMJ 1",1.778,335.1,391.2,726.3
"CMJ 1",1.78,336.2,392.2,728.4
"CMJ 1",1.782,336.9,390.6,727.5
"CMJ 1",1.784,336.6,390.6,727.2
"CMJ 1",1.786,336.7,392.3,729
"CMJ 1",1.788,336,391.1,727.1
"CMJ 1",1.79,337.6,392.3,729.9
"CMJ 1",1.792,336.2,393.4,729.6
"CMJ 1",1.794,336.6,391.1,727.7
"CMJ 1",1.796,336.5,392.8,729.3
"CMJ 1",1.798,336.6,391.7,728.3
"CMJ 1",1.8,335.3,393.9,729.2
"CMJ 1",1.802,334.7,392.3,727
"CMJ 1",1.804,335.7,392.8,728.5
"CMJ 1",1.806,334.3,393.4,727.7
"CMJ 1",1.808,336.1,393.9,730
"CMJ 1",1.81,335.7,395,730.7
"CMJ 1",1.812,335.3,394.5,729.8
"CMJ 1",1.814,334.2,393.9,728.1
"CMJ 1",1.816,335.2,394.5,729.7
"CMJ 1",1.818,334.3,395.6,729.9
"CMJ 1",1.82,334.7,395,729.7
"CMJ 1",1.822,333.7,393.9,727.6
"CMJ 1",1.824,333,396.1,729.1
"CMJ 1",1.826,333.6,395,728.6
"CMJ 1",1.828,335.6,394.5,730.1
"CMJ 1",1.83,333.3,396.1,729.4
"CMJ 1",1.832,333.9,398.4,732.3
"CMJ 1",1.834,334.3,396.7,731
"CMJ 1",1.836,332,394.5,726.5
"CMJ 1",1.838,332.5,394.5,727
"CMJ 1",1.84,331.1,396.7,727.8
"CMJ 1",1.842,331.6,394.5,726.1
"CMJ 1",1.844,333.6,395.6,729.2
"CMJ 1",1.846,332.4,396.7,729.1
"CMJ 1",1.848,333.5,396.1,729.6
"CMJ 1",1.85,331,396.7,727.7
"CMJ 1",1.852,333.6,398.4,732
"CMJ 1",1.854,332.6,398.4,731
"CMJ 1",1.856,332.5,396.7,729.2
"CMJ 1",1.858,331.9,396.7,728.6
"CMJ 1",1.86,332.6,398.9,731.5
"CMJ 1",1.862,332.9,398.4,731.3
"CMJ 1",1.864,333,398.4,731.4
"CMJ 1",1.866,332.6,398.4,731
"CMJ 1",1.868,333.6,395.6,729.2
"CMJ 1",1.87,331.6,397.8,729.4
"CMJ 1",1.872,332,397.3,729.3
"CMJ 1",1.874,333.1,398.4,731.5
"CMJ 1",1.876,333.7,397.8,731.5
"CMJ 1",1.878,332,397.8,729.8
"CMJ 1",1.88,332.1,398.4,730.5
"CMJ 1",1.882,333,398.4,731.4
"CMJ 1",1.884,331.6,397.3,728.9
"CMJ 1",1.886,332.1,397.3,729.4
"CMJ 1",1.888,330.8,396.7,727.5
"CMJ 1",1.89,332.1,398.9,731
"CMJ 1",1.892,333.2,398.4,731.6
"CMJ 1",1.894,331.8,398.9,730.7
"CMJ 1",1.896,334,397.3,731.3
"CMJ 1",1.898,332.2,396.7,728.9
"CMJ 1",1.9,332.7,398.9,731.6
"CMJ 1",1.902,331.7,395.6,727.3
"CMJ 1",1.904,331.5,397.3,728.8
"CMJ 1",1.906,330.9,397.8,728.7
"CMJ 1",1.908,330,395.6,725.6
"CMJ 1",1.91,329.3,396.7,726
"CMJ 1",1.912,330.9,396.2,727.1
"CMJ 1",1.914,330.4,396.1,726.5
"CMJ 1",1.916,331.1,396.7,727.8
"CMJ 1",1.918,330,397.3,727.3
"CMJ 1",1.92,330,397.8,727.8
"CMJ 1",1.922,329.9,398.4,728.3
"CMJ 1",1.924,329.1,397.3,726.4
"CMJ 1",1.926,330.8,398.9,729.7
"CMJ 1",1.928,328.8,400,728.8
"CMJ 1",1.93,329.4,398.4,727.8
"CMJ 1",1.932,328.3,398.9,727.2
"CMJ 1",1.934,329,399.5,728.5
"CMJ 1",1.936,328.4,398.4,726.8
"CMJ 1",1.938,327.9,399.5,727.4
"CMJ 1",1.94,327.3,398.4,725.7
"CMJ 1",1.942,328.2,400,728.2
"CMJ 1",1.944,327.8,398.9,726.7
"CMJ 1",1.946,327.3,400.6,727.9
"CMJ 1",1.948,326.4,400.1,726.5
"CMJ 1",1.95,328.7,400.6,729.3
"CMJ 1",1.952,328.2,401.1,729.3
"CMJ 1",1.954,327.8,399.5,727.3
"CMJ 1",1.956,326.9,400.6,727.5
"CMJ 1",1.958,327.4,401.7,729.1
"CMJ 1",1.96,325.5,402.3,727.8
"CMJ 1",1.962,326.4,401.7,728.1
"CMJ 1",1.964,326.2,401.1,727.3
"CMJ 1",1.966,327.3,401.7,729
"CMJ 1",1.968,326.7,401.2,727.9
"CMJ 1",1.97,325.1,401.7,726.8
"CMJ 1",1.972,325.5,400,725.5
"CMJ 1",1.974,323.9,400.6,724.5
"CMJ 1",1.976,326.9,402.2,729.1
"CMJ 1",1.978,325.7,400,725.7
"CMJ 1",1.98,325.7,402.8,728.5
"CMJ 1",1.982,325.7,402.3,728
"CMJ 1",1.984,325.2,402.8,728
"CMJ 1",1.986,323.8,402.3,726.1
"CMJ 1",1.988,324.3,402.8,727.1
"CMJ 1",1.99,324.6,403.9,728.5
"CMJ 1",1.992,324.9,403.9,728.8
"CMJ 1",1.994,324.2,403.9,728.1
"CMJ 1",1.996,323.9,404.5,728.4
"CMJ 1",1.998,323.5,402.8,726.3
"CMJ 1",2,325.3,405,730.3
"CMJ 1",2.002,323,402.3,725.3
"CMJ 1",2.004,323.5,404.5,728
"CMJ 1",2.006,324.4,405,729.4
"CMJ 1",2.008,324.1,405,729.1
"CMJ 1",2.01,324.4,405,729.4
"CMJ 1",2.012,323.6,405,728.6
"CMJ 1",2.014,323.9,405.6,729.5
"CMJ 1",2.016,324.3,405.6,729.9
"CMJ 1",2.018,324.9,405.6,730.5
"CMJ 1",2.02,322.7,406.1,728.8
"CMJ 1",2.022,322.7,407.3,730
"CMJ 1",2.024,323.4,406.7,730.1
"CMJ 1",2.026,323.8,405.6,729.4
"CMJ 1",2.028,323.4,406.2,729.6
"CMJ 1",2.03,323.5,405,728.5
"CMJ 1",2.032,321.8,407.8,729.6
"CMJ 1",2.034,323.1,406.7,729.8
"CMJ 1",2.036,322.4,403.4,725.8
"CMJ 1",2.038,321.4,404.5,725.9
"CMJ 1",2.04,321.9,403.9,725.8
"CMJ 1",2.042,321.1,405.1,726.2
"CMJ 1",2.044,319.2,401.7,720.9
"CMJ 1",2.046,320.4,404.5,724.9
"CMJ 1",2.048,318.6,402.8,721.4
"CMJ 1",2.05,318.2,405.6,723.8
"CMJ 1",2.052,317.9,402.8,720.7
"CMJ 1",2.054,317.9,402.8,720.7
"CMJ 1",2.056,316.6,401.1,717.7
"CMJ 1",2.058,319.1,401.7,720.8
"CMJ 1",2.06,317.2,401.2,718.4
"CMJ 1",2.062,317.8,400.6,718.4
"CMJ 1",2.064,316.5,401.7,718.2
"CMJ 1",2.066,317.1,401.7,718.8
"CMJ 1",2.068,316.9,398.4,715.3
"CMJ 1",2.07,316.9,401.2,718.1
"CMJ 1",2.072,315,400.6,715.6
"CMJ 1",2.074,316,400,716
"CMJ 1",2.076,316.8,398.4,715.2
"CMJ 1",2.078,315.7,400,715.7
"CMJ 1",2.08,316.4,401.7,718.1
"CMJ 1",2.082,316.1,400.6,716.7
"CMJ 1",2.084,315.5,400.6,716.1
"CMJ 1",2.086,315.1,400.6,715.7
"CMJ 1",2.088,315.7,401.7,717.4
"CMJ 1",2.09,316.7,403.4,720.1
"CMJ 1",2.092,316.3,403.9,720.2
"CMJ 1",2.094,316.6,403.9,720.5
"CMJ 1",2.096,314.9,403.4,718.3
"CMJ 1",2.098,316.5,404.5,721
"CMJ 1",2.1,316,403.9,719.9
"CMJ 1",2.102,316.8,406.2,723
"CMJ 1",2.104,317.2,405,722.2
"CMJ 1",2.106,317.4,407.3,724.7
"CMJ 1",2.108,316.8,406.7,723.5
"CMJ 1",2.11,317.2,409.5,726.7
"CMJ 1",2.112,319.1,410.6,729.7
"CMJ 1",2.114,317.9,408.4,726.3
"CMJ 1",2.116,319.1,410,729.1
"CMJ 1",2.118,319.5,408.9,728.4
"CMJ 1",2.12,319.1,409.5,728.6
"CMJ 1",2.122,319.7,411.7,731.4
"CMJ 1",2.124,319.1,410.6,729.7
"CMJ 1",2.126,321,412.8,733.8
"CMJ 1",2.128,319.5,411.2,730.7
"CMJ 1",2.13,319.6,415.6,735.2
"CMJ 1",2.132,318.7,415.1,733.8
"CMJ 1",2.134,318.8,412.8,731.6
"CMJ 1",2.136,318.8,412.8,731.6
"CMJ 1",2.138,317.5,412.8,730.3
"CMJ 1",2.14,317.5,416.2,733.7
"CMJ 1",2.142,317.9,415,732.9
"CMJ 1",2.144,317.1,415,732.1
"CMJ 1",2.146,316.2,416.2,732.4
"CMJ 1",2.148,316.6,416.7,733.3
"CMJ 1",2.15,315.8,419.5,735.3
"CMJ 1",2.152,314,419.5,733.5
"CMJ 1",2.154,315.4,417.3,732.7
"CMJ 1",2.156,315.3,418.9,734.2
"CMJ 1",2.158,314.4,420,734.4
"CMJ 1",2.16,314.8,422.3,737.1
"CMJ 1",2.162,312.6,422.8,735.4
"CMJ 1",2.164,312.2,424.5,736.7
"CMJ 1",2.166,313.1,425.6,738.7
"CMJ 1",2.168,315.1,426.2,741.3
"CMJ 1",2.17,312.2,430,742.2
"CMJ 1",2.172,313.1,430.6,743.7
"CMJ 1",2.174,311.9,431.2,743.1
"CMJ 1",2.176,311.1,433.4,744.5
"CMJ 1",2.178,311.5,433.4,744.9
"CMJ 1",2.18,313,436.7,749.7
"CMJ 1",2.182,311,436.2,747.2
"CMJ 1",2.184,311,438.4,749.4
"CMJ 1",2.186,313,438.9,751.9
"CMJ 1",2.188,309.9,440.6,750.5
"CMJ 1",2.19,309.8,443.9,753.7
"CMJ 1",2.192,310.4,445,755.4
"CMJ 1",2.194,309.5,444.5,754
"CMJ 1",2.196,309.6,445,754.6
"CMJ 1",2.198,308.7,446.1,754.8
"CMJ 1",2.2,306,448.4,754.4
"CMJ 1",2.202,305.5,450,755.5
"CMJ 1",2.204,304.8,451.1,755.9
"CMJ 1",2.206,304.8,450.6,755.4
"CMJ 1",2.208,303.6,452.2,755.8
"CMJ 1",2.21,301.7,451.1,752.8
"CMJ 1",2.212,301,453.9,754.9
"CMJ 1",2.214,298.4,452.8,751.2
"CMJ 1",2.216,296.9,452.8,749.7
"CMJ 1",2.218,297.9,452.2,750.1
"CMJ 1",2.22,296.5,453.9,750.4
"CMJ 1",2.222,297.4,451.1,748.5
"CMJ 1",2.224,295.3,451.1,746.4
"CMJ 1",2.226,295.9,453.3,749.2
"CMJ 1",2.228,294.6,451.6,746.2
"CMJ 1",2.23,295.1,453.9,749
"CMJ 1",2.232,293.7,453.3,747
"CMJ 1",2.234,293.8,452.7,746.5
"CMJ 1",2.236,293,451.1,744.1
"CMJ 1",2.238,292.9,451.6,744.5
"CMJ 1",2.24,292.8,452.2,745
"CMJ 1",2.242,293,452.2,745.2
"CMJ 1",2.244,291.3,451,742.3
"CMJ 1",2.246,292,450.5,742.5
"CMJ 1",2.248,291.9,450.5,742.4
"CMJ 1",2.25,292.8,452.7,745.5
"CMJ 1",2.252,291.1,451.6,742.7
"CMJ 1",2.254,292.1,451.6,743.7
"CMJ 1",2.256,290.6,449.4,740
"CMJ 1",2.258,292.4,451.6,744
"CMJ 1",2.26,291.6,449.9,741.5
"CMJ 1",2.262,291.3,451.6,742.9
"CMJ 1",2.264,292.2,451,743.2
"CMJ 1",2.266,291.7,449.9,741.6
"CMJ 1",2.268,292.4,448.2,740.6
"CMJ 1",2.27,292.3,449.9,742.2
"CMJ 1",2.272,292.6,451,743.6
"CMJ 1",2.274,292.1,447.7,739.8
"CMJ 1",2.276,292.4,448.8,741.2
"CMJ 1",2.278,291.8,446.5,738.3
"CMJ 1",2.28,292.7,446.5,739.2
"CMJ 1",2.282,292.5,448.8,741.3
"CMJ 1",2.284,291.9,445.4,737.3
"CMJ 1",2.286,292.1,446.5,738.6
"CMJ 1",2.288,292.6,444.8,737.4
"CMJ 1",2.29,292.1,444.8,736.9
"CMJ 1",2.292,291.9,444.8,736.7
"CMJ 1",2.294,291.7,444.8,736.5
"CMJ 1",2.296,293.5,444.8,738.3
"CMJ 1",2.298,294.1,440.4,734.5
"CMJ 1",2.3,294.5,442.6,737.1
"CMJ 1",2.302,294.9,439.3,734.2
"CMJ 1",2.304,295.9,437,732.9
"CMJ 1",2.306,294.5,435.9,730.4
"CMJ 1",2.308,296.8,435.9,732.7
"CMJ 1",2.31,296.2,435.9,732.1
"CMJ 1",2.312,298.4,435.4,733.8
"CMJ 1",2.314,297.3,432.6,729.9
"CMJ 1",2.316,298.9,433.7,732.6
"CMJ 1",2.318,298.5,432.6,731.1
"CMJ 1",2.32,299.5,431.5,731
"CMJ 1",2.322,300.9,429.2,730.1
"CMJ 1",2.324,300.8,430.3,731.1
"CMJ 1",2.326,301.8,427,728.8
"CMJ 1",2.328,303.5,427,730.5
"CMJ 1",2.33,304.9,425.3,730.2
"CMJ 1",2.332,305.2,425.9,731.1
"CMJ 1",2.334,305.4,423.7,729.1
"CMJ 1",2.336,307.1,421.4,728.5
"CMJ 1",2.338,308.1,422,730.1
"CMJ 1",2.34,309.3,418.1,727.4
"CMJ 1",2.342,312.2,418.6,730.8
"CMJ 1",2.344,313.5,414.8,728.3
"CMJ 1",2.346,314.9,413.1,728
"CMJ 1",2.348,316.3,410.9,727.2
"CMJ 1",2.35,317.2,411.4,728.6
"CMJ 1",2.352,320.4,409.7,730.1
"CMJ 1",2.354,320.6,405.8,726.4
"CMJ 1",2.356,323.4,405.8,729.2
"CMJ 1",2.358,326.6,403.1,729.7
"CMJ 1",2.36,328.1,400.8,728.9
"CMJ 1",2.362,328.1,399.7,727.8
"CMJ 1",2.364,332.4,399.2,731.6
"CMJ 1",2.366,334.7,395.3,730
"CMJ 1",2.368,337.6,394.2,731.8
"CMJ 1",2.37,338.6,389.7,728.3
"CMJ 1",2.372,340.4,390.3,730.7
"CMJ 1",2.374,343.1,387.5,730.6
"CMJ 1",2.376,346.1,384.2,730.3
"CMJ 1",2.378,349.1,383,732.1
"CMJ 1",2.38,350.8,380.3,731.1
"CMJ 1",2.382,354.7,379.2,733.9
"CMJ 1",2.384,360.3,371.9,732.2
"CMJ 1",2.386,362.9,369.7,732.6
"CMJ 1",2.388,364.9,366.9,731.8
"CMJ 1",2.39,368.1,364.2,732.3
"CMJ 1",2.392,370.7,361.9,732.6
"CMJ 1",2.394,372.8,359.7,732.5
"CMJ 1",2.396,375.6,355.3,730.9
"CMJ 1",2.398,378.2,353,731.2
"CMJ 1",2.4,380.2,349.7,729.9
"CMJ 1",2.402,382.6,346.9,729.5
"CMJ 1",2.404,385.7,341.9,727.6
"CMJ 1",2.406,387.7,338,725.7
"CMJ 1",2.408,390.5,334.7,725.2
"CMJ 1",2.41,392.7,333.6,726.3
"CMJ 1",2.412,395.2,329.7,724.9
"CMJ 1",2.414,396.2,324.1,720.3
"CMJ 1",2.416,400.9,319.7,720.6
"CMJ 1",2.418,404.2,315.2,719.4
"CMJ 1",2.42,404,312.5,716.5
"CMJ 1",2.422,407.2,309.7,716.9
"CMJ 1",2.424,410.3,304.7,715
"CMJ 1",2.426,414.3,299.7,714
"CMJ 1",2.428,416.4,295.8,712.2
"CMJ 1",2.43,419.5,293,712.5
"CMJ 1",2.432,421.2,289.7,710.9
"CMJ 1",2.434,426.3,285.2,711.5
"CMJ 1",2.436,430.5,279.7,710.2
"CMJ 1",2.438,434.1,275.8,709.9
"CMJ 1",2.44,436.6,271.4,708
"CMJ 1",2.442,441.1,269.1,710.2
"CMJ 1",2.444,446.5,262.5,709
"CMJ 1",2.446,452.1,259.1,711.2
"CMJ 1",2.448,456.5,255.2,711.7
"CMJ 1",2.45,461.1,249.7,710.8
"CMJ 1",2.452,465.9,246.9,712.8
"CMJ 1",2.454,470.9,243.6,714.5
"CMJ 1",2.456,475.8,235.3,711.1
"CMJ 1",2.458,480.7,232.5,713.2
"CMJ 1",2.46,486.5,229.1,715.6
"CMJ 1",2.462,491.7,226.4,718.1
"CMJ 1",2.464,497.2,220.8,718
"CMJ 1",2.466,503.3,214.7,718
"CMJ 1",2.468,512.3,205.8,718.1
"CMJ 1",2.47,517.1,201.9,719
"CMJ 1",2.472,521.9,199.7,721.6
"CMJ 1",2.474,528.6,194.2,722.8
"CMJ 1",2.476,532.7,186.9,719.6
"CMJ 1",2.478,538.1,186.4,724.5
"CMJ 1",2.48,543.9,183.6,727.5
"CMJ 1",2.482,547.6,179.2,726.8
"CMJ 1",2.484,553.2,177.5,730.7
"CMJ 1",2.486,556.4,170.3,726.7
"CMJ 1",2.488,561.8,168.6,730.4
"CMJ 1",2.49,566.6,165.3,731.9
"CMJ 1",2.492,569.8,162,731.8
"CMJ 1",2.494,573.9,155.8,729.7
"CMJ 1",2.496,576.6,153.6,730.2
"CMJ 1",2.498,581.6,149.7,731.3
"CMJ 1",2.5,582.9,146.4,729.3
"CMJ 1",2.502,585.5,141.4,726.9
"CMJ 1",2.504,588.3,138.1,726.4
"CMJ 1",2.506,592.1,135.3,727.4
"CMJ 1",2.508,594.2,133.1,727.3
"CMJ 1",2.51,597.5,128.1,725.6
"CMJ 1",2.512,597.6,127,724.6
"CMJ 1",2.514,599.7,124.8,724.5
"CMJ 1",2.516,602,121.4,723.4
"CMJ 1",2.518,604.2,116.4,720.6
"CMJ 1",2.52,604.5,114.2,718.7
"CMJ 1",2.522,608,112.5,720.5
"CMJ 1",2.524,611.1,109.2,720.3
"CMJ 1",2.526,610.3,104.8,715.1
"CMJ 1",2.528,612.1,100.3,712.4
"CMJ 1",2.53,614.2,98.1,712.3
"CMJ 1",2.532,616.8,97.6,714.4
"CMJ 1",2.534,617.8,91.4,709.2
"CMJ 1",2.536,620.1,87,707.1
"CMJ 1",2.538,619.6,83.7,703.3
"CMJ 1",2.54,620.6,79.8,700.4
"CMJ 1",2.542,621.4,78.1,699.5
"CMJ 1",2.544,622.8,74.2,697
"CMJ 1",2.546,623.6,71.5,695.1
"CMJ 1",2.548,626,68.7,694.7
"CMJ 1",2.55,625.9,65.3,691.2
"CMJ 1",2.552,627.6,64.3,691.9
"CMJ 1",2.554,628.9,57,685.9
"CMJ 1",2.556,631.6,53.7,685.3
"CMJ 1",2.558,631.6,52,683.6
"CMJ 1",2.56,632.8,48.2,681
"CMJ 1",2.562,633.1,46.5,679.6
"CMJ 1",2.564,634,44.3,678.3
"CMJ 1",2.566,636.3,41.5,677.8
"CMJ 1",2.568,634,37,671
"CMJ 1",2.57,634.6,36.5,671.1
"CMJ 1",2.572,636.7,35.4,672.1
"CMJ 1",2.574,635.8,31.5,667.3
"CMJ 1",2.576,635.8,29.3,665.1
"CMJ 1",2.578,635.2,27.6,662.8
"CMJ 1",2.58,637.7,27.6,665.3
"CMJ 1",2.582,636.6,24.3,660.9
"CMJ 1",2.584,636.1,23.2,659.3
"CMJ 1",2.586,635.3,21.5,656.8
"CMJ 1",2.588,635.6,21.5,657.1
"CMJ 1",2.59,634.3,19.3,653.6
"CMJ 1",2.592,634.7,17.6,652.3
"CMJ 1",2.594,635.6,14.9,650.5
"CMJ 1",2.596,634,14.3,648.3
"CMJ 1",2.598,633.5,11.5,645
"CMJ 1",2.6,634.2,9.3,643.5
"CMJ 1",2.602,632.6,9.3,641.9
"CMJ 1",2.604,632.6,7.6,640.2
"CMJ 1",2.606,632.5,5.4,637.9
"CMJ 1",2.608,631.9,0,631.9
"CMJ 1",2.61,631.1,0,631.1
"CMJ 1",2.612,630.2,0,630.2
"CMJ 1",2.614,630.6,0,630.6
"CMJ 1",2.616,628.8,0,628.8
"CMJ 1",2.618,629.3,0,629.3
"CMJ 1",2.62,628.7,0,628.7
"CMJ 1",2.622,628.2,0,628.2
"CMJ 1",2.624,626.4,0,626.4
"CMJ 1",2.626,627.5,0,627.5
"CMJ 1",2.628,626,0,626
"CMJ 1",2.63,625.9,0,625.9
"CMJ 1",2.632,625.5,0,625.5
"CMJ 1",2.634,624.5,0,624.5
"CMJ 1",2.636,624.9,0,624.9
"CMJ 1",2.638,624.5,0,624.5
"CMJ 1",2.64,623,0,623
"CMJ 1",2.642,621.2,0,621.2
"CMJ 1",2.644,622.7,0,622.7
"CMJ 1",2.646,623.5,0,623.5
"CMJ 1",2.648,621.9,0,621.9
"CMJ 1",2.65,620.7,0,620.7
"CMJ 1",2.652,620.9,0,620.9
"CMJ 1",2.654,620.5,0,620.5
"CMJ 1",2.656,619.2,0,619.2
"CMJ 1",2.658,619.2,0,619.2
"CMJ 1",2.66,618.3,0,618.3
"CMJ 1",2.662,618.7,0,618.7
"CMJ 1",2.664,618,0,618
"CMJ 1",2.666,617.9,0,617.9
"CMJ 1",2.668,615.5,0,615.5
"CMJ 1",2.67,615.3,0,615.3
"CMJ 1",2.672,614,0,614
"CMJ 1",2.674,615.1,0,615.1
"CMJ 1",2.676,614.7,0,614.7
"CMJ 1",2.678,614.4,0,614.4
"CMJ 1",2.68,614.7,0,614.7
"CMJ 1",2.682,613.7,0,613.7
"CMJ 1",2.684,614.8,0,614.8
"CMJ 1",2.686,614.8,0,614.8
"CMJ 1",2.688,615.1,0,615.1
"CMJ 1",2.69,615.3,0,615.3
"CMJ 1",2.692,616.1,0,616.1
"CMJ 1",2.694,615.8,0,615.8
"CMJ 1",2.696,616.8,0,616.8
"CMJ 1",2.698,617.3,0,617.3
"CMJ 1",2.7,617.4,0,617.4
"CMJ 1",2.702,618,0,618
"CMJ 1",2.704,617.9,0,617.9
"CMJ 1",2.706,618.6,0,618.6
"CMJ 1",2.708,618.2,0,618.2
"CMJ 1",2.71,619.9,0,619.9
"CMJ 1",2.712,620.5,0,620.5
"CMJ 1",2.714,621.3,0,621.3
"CMJ 1",2.716,623.1,0,623.1
"CMJ 1",2.718,623.7,0,623.7
"CMJ 1",2.72,624.5,0,624.5
"CMJ 1",2.722,625,0,625
"CMJ 1",2.724,627.8,0,627.8
"CMJ 1",2.726,629.4,27.6,657
"CMJ 1",2.728,630.5,62.5,693
"CMJ 1",2.73,631.6,70.3,701.9
"CMJ 1",2.732,634.2,39.2,673.4
"CMJ 1",2.734,634.4,0,634.4
"CMJ 1",2.736,632.9,7.6,640.5
"CMJ 1",2.738,632.9,28.2,661.1
"CMJ 1",2.74,635.4,37.6,673
"CMJ 1",2.742,636.1,31.5,667.6
"CMJ 1",2.744,634.3,28.7,663
"CMJ 1",2.746,631.7,46.4,678.1
"CMJ 1",2.748,633.4,62,695.4
"CMJ 1",2.75,635.8,63.6,699.4
"CMJ 1",2.752,633.9,51.4,685.3
"CMJ 1",2.754,629.1,47,676.1
"CMJ 1",2.756,629,57.5,686.5
"CMJ 1",2.758,629.2,74.2,703.4
"CMJ 1",2.76,628,88,716
"CMJ 1",2.762,625,88,713
"CMJ 1",2.764,623.3,84.1,707.4
"CMJ 1",2.766,622.4,89.1,711.5
"CMJ 1",2.768,619.2,97.4,716.6
"CMJ 1",2.77,616.5,101.3,717.8
"CMJ 1",2.772,614.4,104.1,718.5
"CMJ 1",2.774,611.7,109.6,721.3
"CMJ 1",2.776,609.1,123.5,732.6
"CMJ 1",2.778,605.9,135.7,741.6
"CMJ 1",2.78,603.3,142.9,746.2
"CMJ 1",2.782,601.3,148.4,749.7
"CMJ 1",2.784,598.6,160.1,758.7
"CMJ 1",2.786,594.5,190.7,785.2
"CMJ 1",2.788,590.6,222.3,812.9
"CMJ 1",2.79,588,235.7,823.7
"CMJ 1",2.792,583,250.1,833.1
"CMJ 1",2.794,578.3,270.6,848.9
"CMJ 1",2.796,570.9,297.2,868.1
"CMJ 1",2.798,568.8,318.9,887.7
"CMJ 1",2.8,563.5,328.9,892.4
"CMJ 1",2.802,558.2,338.8,897
"CMJ 1",2.804,548.7,353.2,901.9
"CMJ 1",2.806,542.9,374.3,917.2
"CMJ 1",2.808,528.3,395.4,923.7
"CMJ 1",2.81,517.1,396.5,913.6
"CMJ 1",2.812,509.3,405.9,915.2
"CMJ 1",2.814,500.7,415.4,916.1
"CMJ 1",2.816,491.9,419.8,911.7
"CMJ 1",2.818,481.5,418.1,899.6
"CMJ 1",2.82,472,419.3,891.3
"CMJ 1",2.822,462.5,419.3,881.8
"CMJ 1",2.824,454,418.2,872.2
"CMJ 1",2.826,444.8,413.7,858.5
"CMJ 1",2.828,435.7,406.5,842.2
"CMJ 1",2.83,425.6,402.6,828.2
"CMJ 1",2.832,417.2,402.1,819.3
"CMJ 1",2.834,409.4,398.2,807.6
"CMJ 1",2.836,404,389.8,793.8
"CMJ 1",2.838,394.3,383.7,778
"CMJ 1",2.84,386.6,379.3,765.9
"CMJ 1",2.842,380.6,374.3,754.9
"CMJ 1",2.844,374.3,370.9,745.2
"CMJ 1",2.846,367,367.6,734.6
"CMJ 1",2.848,361.7,364.8,726.5
"CMJ 1",2.85,354.9,365.9,720.8
"CMJ 1",2.852,349.6,362,711.6
"CMJ 1",2.854,344.2,360.9,705.1
"CMJ 1",2.856,339.8,359.3,699.1
"CMJ 1",2.858,334,360.9,694.9
"CMJ 1",2.86,330.1,362.6,692.7
"CMJ 1",2.862,324.1,364.8,688.9
"CMJ 1",2.864,321.7,368.7,690.4
"CMJ 1",2.866,316.2,369.8,686
"CMJ 1",2.868,314.4,372.6,687
"CMJ 1",2.87,309.3,372.6,681.9
"CMJ 1",2.872,306.3,378.7,685
"CMJ 1",2.874,303.1,381.4,684.5
"CMJ 1",2.876,298.9,385.9,684.8
"CMJ 1",2.878,296.3,390.3,686.6
"CMJ 1",2.88,291.9,394.8,686.7
"CMJ 1",2.882,290.2,398.7,688.9
"CMJ 1",2.884,288.2,400.9,689.1
"CMJ 1",2.886,283.7,403.7,687.4
"CMJ 1",2.888,280.6,410.3,690.9
"CMJ 1",2.89,277.4,413.7,691.1
"CMJ 1",2.892,274.6,422,696.6
"CMJ 1",2.894,269.1,428.7,697.8
"CMJ 1",2.896,266.7,432,698.7
"CMJ 1",2.898,264.9,435.9,700.8
"CMJ 1",2.9,261.6,441.4,703
"CMJ 1",2.902,258.5,446.4,704.9
"CMJ 1",2.904,255.7,450.3,706
"CMJ 1",2.906,253.7,455.3,709
"CMJ 1",2.908,251.2,458.1,709.3
"CMJ 1",2.91,247.8,462.5,710.3
"CMJ 1",2.912,244.2,467.5,711.7
"CMJ 1",2.914,241.2,471.4,712.6
"CMJ 1",2.916,240.3,476.9,717.2
"CMJ 1",2.918,238,481.9,719.9
"CMJ 1",2.92,233.7,485.3,719
"CMJ 1",2.922,230.9,490.8,721.7
"CMJ 1",2.924,227.2,496.9,724.1
"CMJ 1",2.926,224.2,501.4,725.6
"CMJ 1",2.928,221,503.6,724.6
"CMJ 1",2.93,218.5,509.1,727.6
"CMJ 1",2.932,214.9,516.9,731.8
"CMJ 1",2.934,212.4,521.9,734.3
"CMJ 1",2.936,207.2,522.4,729.6
"CMJ 1",2.938,205.5,528,733.5
"CMJ 1",2.94,202.8,531.3,734.1
"CMJ 1",2.942,200.2,537.4,737.6
"CMJ 1",2.944,195.9,539.1,735
"CMJ 1",2.946,193,545.7,738.7
"CMJ 1",2.948,190,549.6,739.6
"CMJ 1",2.95,187.8,555.7,743.5
"CMJ 1",2.952,185.3,558.5,743.8
"CMJ 1",2.954,182,563.5,745.5
"CMJ 1",2.956,177.5,567.3,744.8
"CMJ 1",2.958,177.5,570.6,748.1
"CMJ 1",2.96,174.3,574.5,748.8
"CMJ 1",2.962,173.1,579.5,752.6
"CMJ 1",2.964,172.3,584.5,756.8
"CMJ 1",2.966,172.6,587.8,760.4
"CMJ 1",2.968,171.8,591.7,763.5
"CMJ 1",2.97,169.4,592.3,761.7
"CMJ 1",2.972,167.7,597.3,765
"CMJ 1",2.974,167.1,602.3,769.4
"CMJ 1",2.976,165.3,604.5,769.8
"CMJ 1",2.978,162.6,612.2,774.8
"CMJ 1",2.98,162.9,616.1,779
"CMJ 1",2.982,160.4,620,780.4
"CMJ 1",2.984,159.4,623.9,783.3
"CMJ 1",2.986,158.3,626.1,784.4
"CMJ 1",2.988,154.6,630,784.6
"CMJ 1",2.99,152.5,633.9,786.4
"CMJ 1",2.992,152.5,641.1,793.6
"CMJ 1",2.994,149.1,641.6,790.7
"CMJ 1",2.996,147.3,646.1,793.4
"CMJ 1",2.998,146.4,649.9,796.3
"CMJ 1",3,141.6,656,797.6
"CMJ 1",3.002,140.8,657.7,798.5
"CMJ 1",3.004,136.9,662.7,799.6
"CMJ 1",3.006,135.1,666,801.1
"CMJ 1",3.008,131.4,670.5,801.9
"CMJ 1",3.01,128.7,671.6,800.3
"CMJ 1",3.012,125.7,677.7,803.4
"CMJ 1",3.014,122.9,681,803.9
"CMJ 1",3.016,119.2,681.6,800.8
"CMJ 1",3.018,115.4,686,801.4
"CMJ 1",3.02,110.6,687.7,798.3
"CMJ 1",3.022,107.1,691.6,798.7
"CMJ 1",3.024,104.9,694.9,799.8
"CMJ 1",3.026,100.4,696,796.4
"CMJ 1",3.028,96.5,698.8,795.3
"CMJ 1",3.03,92.8,702.7,795.5
"CMJ 1",3.032,88.2,704.9,793.1
"CMJ 1",3.034,83.1,704.9,788
"CMJ 1",3.036,80.3,706.6,786.9
"CMJ 1",3.038,74.7,707.1,781.8
"CMJ 1",3.04,72,707.1,779.1
"CMJ 1",3.042,67.7,710.4,778.1
"CMJ 1",3.044,63.4,709.3,772.7
"CMJ 1",3.046,59.2,710.4,769.6
"CMJ 1",3.048,56.7,711,767.7
"CMJ 1",3.05,52.6,710.4,763
"CMJ 1",3.052,49.7,713.8,763.5
"CMJ 1",3.054,45,711,756
"CMJ 1",3.056,42.2,713.8,756
"CMJ 1",3.058,38.4,709.9,748.3
"CMJ 1",3.06,35.6,711.5,747.1
"CMJ 1",3.062,33.1,711,744.1
"CMJ 1",3.064,26.9,710.4,737.3
"CMJ 1",3.066,24.1,712.1,736.2
"CMJ 1",3.068,23.2,710.4,733.6
"CMJ 1",3.07,20.3,712.1,732.4
"CMJ 1",3.072,17.9,713.7,731.6
"CMJ 1",3.074,16.8,712.6,729.4
"CMJ 1",3.076,14.2,712.6,726.8
"CMJ 1",3.078,12.2,713.7,725.9
"CMJ 1",3.08,12.5,713.2,725.7
"CMJ 1",3.082,9.7,713.2,722.9
"CMJ 1",3.084,8.7,714.3,723
"CMJ 1",3.086,6.4,713.7,720.1
"CMJ 1",3.088,0,715.4,715.4
"CMJ 1",3.09,0,713.7,713.7
"CMJ 1",3.092,0,715.4,715.4
"CMJ 1",3.094,0,714.8,714.8
"CMJ 1",3.096,0,713.2,713.2
"CMJ 1",3.098,0,716.5,716.5
"CMJ 1",3.1,0,714.8,714.8
"CMJ 1",3.102,0,714.8,714.8
"CMJ 1",3.104,0,712.6,712.6
"CMJ 1",3.106,0,714.3,714.3
"CMJ 1",3.108,0,713.7,713.7
"CMJ 1",3.11,0,714.2,714.2
"CMJ 1",3.112,0,713.7,713.7
"CMJ 1",3.114,0,714.3,714.3
"CMJ 1",3.116,0,712,712
"CMJ 1",3.118,0,711.5,711.5
"CMJ 1",3.12,0,710.9,710.9
"CMJ 1",3.122,0,711.5,711.5
"CMJ 1",3.124,0,709.2,709.2
"CMJ 1",3.126,0,709.3,709.3
"CMJ 1",3.128,0,708.7,708.7
"CMJ 1",3.13,0,708.1,708.1
"CMJ 1",3.132,0,709.2,709.2
"CMJ 1",3.134,0,708.7,708.7
"CMJ 1",3.136,0,704.8,704.8
"CMJ 1",3.138,0,704.8,704.8
"CMJ 1",3.14,0,702,702
"CMJ 1",3.142,0,703.1,703.1
"CMJ 1",3.144,0,701.4,701.4
"CMJ 1",3.146,0,698.7,698.7
"CMJ 1",3.148,0,697,697
"CMJ 1",3.15,0,697.6,697.6
"CMJ 1",3.152,0,695.9,695.9
"CMJ 1",3.154,0,694.2,694.2
"CMJ 1",3.156,0,693.7,693.7
"CMJ 1",3.158,0,692.6,692.6
"CMJ 1",3.16,0,691.5,691.5
"CMJ 1",3.162,0,692.6,692.6
"CMJ 1",3.164,0,693.1,693.1
"CMJ 1",3.166,0,694.8,694.8
"CMJ 1",3.168,0,694.8,694.8
"CMJ 1",3.17,0,693.7,693.7
"CMJ 1",3.172,0,695.9,695.9
"CMJ 1",3.174,0,695.9,695.9
"CMJ 1",3.176,0,697,697
"CMJ 1",3.178,0,698.1,698.1
"CMJ 1",3.18,0,700.3,700.3
"CMJ 1",3.182,0,700.3,700.3
"CMJ 1",3.184,0,702,702
"CMJ 1",3.186,0,699.8,699.8
"CMJ 1",3.188,13.6,702,715.6
"CMJ 1",3.19,25.6,699.2,724.8
"CMJ 1",3.192,23.4,702.5,725.9
"CMJ 1",3.194,16.1,701.4,717.5
"CMJ 1",3.196,19.4,699.7,719.1
"CMJ 1",3.198,25.5,700.3,725.8
"CMJ 1",3.2,26.8,702,728.8
"CMJ 1",3.202,22.1,698.6,720.7
"CMJ 1",3.204,23.5,696.9,720.4
"CMJ 1",3.206,32.1,694.2,726.3
"CMJ 1",3.208,38.2,697,735.2
"CMJ 1",3.21,41.8,695.8,737.6
"CMJ 1",3.212,47.8,694.7,742.5
"CMJ 1",3.214,57.2,695.8,753
"CMJ 1",3.216,65.6,694.7,760.3
"CMJ 1",3.218,67.8,694.7,762.5
"CMJ 1",3.22,67.7,691.9,759.6
"CMJ 1",3.222,67.9,691.4,759.3
"CMJ 1",3.224,70,691.4,761.4
"CMJ 1",3.226,74.6,692,766.6
"CMJ 1",3.228,76.4,688.1,764.5
"CMJ 1",3.23,81.4,686.4,767.8
"CMJ 1",3.232,85.8,684.7,770.5
"CMJ 1",3.234,100.8,677.5,778.3
"CMJ 1",3.236,104.8,674.2,779
"CMJ 1",3.238,107.9,669.2,777.1
"CMJ 1",3.24,111.6,664.2,775.8
"CMJ 1",3.242,116.3,660.9,777.2
"CMJ 1",3.244,121.2,653.7,774.9
"CMJ 1",3.246,129.4,648.7,778.1
"CMJ 1",3.248,136.2,642.6,778.8
"CMJ 1",3.25,141.7,636.5,778.2
"CMJ 1",3.252,147,629.3,776.3
"CMJ 1",3.254,151.8,624.3,776.1
"CMJ 1",3.256,157.7,614.9,772.6
"CMJ 1",3.258,164.9,609.3,774.2
"CMJ 1",3.26,171.6,603.2,774.8
"CMJ 1",3.262,177.6,597.7,775.3
"CMJ 1",3.264,183.8,591,774.8
"CMJ 1",3.266,189.3,584.9,774.2
"CMJ 1",3.268,196,580.5,776.5
"CMJ 1",3.27,200.9,574.9,775.8
"CMJ 1",3.272,207.6,571.6,779.2
"CMJ 1",3.274,213.7,563.3,777
"CMJ 1",3.276,220.8,559.4,780.2
"CMJ 1",3.278,226.4,552.7,779.1
"CMJ 1",3.28,233.9,548.8,782.7
"CMJ 1",3.282,239.5,543.3,782.8
"CMJ 1",3.284,245.4,540,785.4
"CMJ 1",3.286,252.6,533.9,786.5
"CMJ 1",3.288,259.8,528.3,788.1
"CMJ 1",3.29,267.8,524.4,792.2
"CMJ 1",3.292,273.9,521.1,795
"CMJ 1",3.294,281.4,517.2,798.6
"CMJ 1",3.296,288,512.8,800.8
"CMJ 1",3.298,294.5,510,804.5
"CMJ 1",3.3,303.1,506.7,809.8
"CMJ 1",3.302,310.3,503.9,814.2
"CMJ 1",3.304,320.3,500,820.3
"CMJ 1",3.306,334.2,497.8,832
"CMJ 1",3.308,343.8,495.6,839.4
"CMJ 1",3.31,353.4,492.8,846.2
"CMJ 1",3.312,362.2,490.1,852.3
"CMJ 1",3.314,372,489.5,861.5
"CMJ 1",3.316,380.5,486.2,866.7
"CMJ 1",3.318,392.2,480.1,872.3
"CMJ 1",3.32,398.2,479.5,877.7
"CMJ 1",3.322,401.5,479,880.5
"CMJ 1",3.324,404,475.7,879.7
"CMJ 1",3.326,407.6,471.8,879.4
"CMJ 1",3.328,408.4,470.1,878.5
"CMJ 1",3.33,408.3,469,877.3
"CMJ 1",3.332,407.8,465.7,873.5
"CMJ 1",3.334,407.3,462.4,869.7
"CMJ 1",3.336,404.7,456.3,861
"CMJ 1",3.338,400.8,455.2,856
"CMJ 1",3.34,399.6,449.6,849.2
"CMJ 1",3.342,394.4,447.4,841.8
"CMJ 1",3.344,393.9,443,836.9
"CMJ 1",3.346,388.6,439.1,827.7
"CMJ 1",3.348,384.4,434.1,818.5
"CMJ 1",3.35,381.8,430.8,812.6
"CMJ 1",3.352,376.3,427.4,803.7
"CMJ 1",3.354,373.6,423.6,797.2
"CMJ 1",3.356,367.2,419.7,786.9
"CMJ 1",3.358,362.9,414.1,777
"CMJ 1",3.36,360.8,411.9,772.7
"CMJ 1",3.362,355.6,406.9,762.5
"CMJ 1",3.364,352.5,404.7,757.2
"CMJ 1",3.366,347.5,401.4,748.9
"CMJ 1",3.368,345.2,399.7,744.9
"CMJ 1",3.37,341.7,394.7,736.4
"CMJ 1",3.372,338.4,392.5,730.9
"CMJ 1",3.374,335.6,388.6,724.2
"CMJ 1",3.376,332.1,389.2,721.3
"CMJ 1",3.378,330.8,387,717.8
"CMJ 1",3.38,328.3,383.6,711.9
"CMJ 1",3.382,325.4,382.5,707.9
"CMJ 1",3.384,324.6,383.1,707.7
"CMJ 1",3.386,322.5,382,704.5
"CMJ 1",3.388,319.9,380.3,700.2
"CMJ 1",3.39,317.9,379.8,697.7
"CMJ 1",3.392,317,380.3,697.3
"CMJ 1",3.394,316.4,379.2,695.6
"CMJ 1",3.396,313.9,379.2,693.1
"CMJ 1",3.398,314.3,378.1,692.4
"CMJ 1",3.4,311.9,378.1,690
"CMJ 1",3.402,310.3,377.6,687.9
"CMJ 1",3.404,308.6,377.6,686.2
"CMJ 1",3.406,307.1,375.4,682.5
"CMJ 1",3.408,306.9,376.5,683.4
"CMJ 1",3.41,307.1,375.9,683
"CMJ 1",3.412,306.9,377.6,684.5
"CMJ 1",3.414,306.6,376.5,683.1
"CMJ 1",3.416,305.3,375.4,680.7
"CMJ 1",3.418,306.7,374.8,681.5
"CMJ 1",3.42,305.4,372.6,678
"CMJ 1",3.422,305.7,373.7,679.4
"CMJ 1",3.424,305.2,371,676.2
"CMJ 1",3.426,306,370.4,676.4
"CMJ 1",3.428,306,369.9,675.9
"CMJ 1",3.43,305.5,367.1,672.6
"CMJ 1",3.432,306.7,367.7,674.4
"CMJ 1",3.434,307.5,366,673.5
"CMJ 1",3.436,307.2,363.8,671
"CMJ 1",3.438,306.5,362.1,668.6
"CMJ 1",3.44,307.8,359.9,667.7
"CMJ 1",3.442,308.3,358.2,666.5
"CMJ 1",3.444,307.5,358.8,666.3
"CMJ 1",3.446,308.3,356.6,664.9
"CMJ 1",3.448,307.9,353.8,661.7
"CMJ 1",3.45,310.1,355.5,665.6
"CMJ 1",3.452,309.8,353.8,663.6
"CMJ 1",3.454,311.1,352.2,663.3
"CMJ 1",3.456,312,351,663
"CMJ 1",3.458,311.1,348.8,659.9
"CMJ 1",3.46,311.9,347.2,659.1
"CMJ 1",3.462,311.2,344.4,655.6
"CMJ 1",3.464,311,343.8,654.8
"CMJ 1",3.466,312.7,340.5,653.2
"CMJ 1",3.468,311.4,337.7,649.1
"CMJ 1",3.47,312.8,335,647.8
"CMJ 1",3.472,313.9,332.2,646.1
"CMJ 1",3.474,313.9,329.4,643.3
"CMJ 1",3.476,313.3,327.2,640.5
"CMJ 1",3.478,313.7,325,638.7
"CMJ 1",3.48,314,321.1,635.1
"CMJ 1",3.482,314.1,320,634.1
"CMJ 1",3.484,315.5,317.8,633.3
"CMJ 1",3.486,316.2,316.1,632.3
"CMJ 1",3.488,316.9,311.7,628.6
"CMJ 1",3.49,317,307.8,624.8
"CMJ 1",3.492,319.4,310.6,630
"CMJ 1",3.494,319.8,307.8,627.6
"CMJ 1",3.496,320.8,305.6,626.4
"CMJ 1",3.498,320,305.1,625.1
"CMJ 1",3.5,323,305.1,628.1
"CMJ 1",3.502,322.2,301.7,623.9
"CMJ 1",3.504,322.7,301.2,623.9
"CMJ 1",3.506,323.1,300.1,623.2
"CMJ 1",3.508,323.8,301.8,625.6
"CMJ 1",3.51,323.2,299.5,622.7
"CMJ 1",3.512,323.7,298.4,622.1
"CMJ 1",3.514,324.8,300.6,625.4
"CMJ 1",3.516,324.8,297.9,622.7
"CMJ 1",3.518,326.4,299.5,625.9
"CMJ 1",3.52,324.8,297.3,622.1
"CMJ 1",3.522,325.1,297.9,623
"CMJ 1",3.524,325.1,298.4,623.5
"CMJ 1",3.526,324.5,299.5,624
"CMJ 1",3.528,326.5,298.5,625
"CMJ 1",3.53,325.6,297.9,623.5
"CMJ 1",3.532,327.2,297.9,625.1
"CMJ 1",3.534,327.4,300.1,627.5
"CMJ 1",3.536,326.9,297.9,624.8
"CMJ 1",3.538,325.9,296.2,622.1
"CMJ 1",3.54,326.7,296.8,623.5
"CMJ 1",3.542,324.4,296.2,620.6
"CMJ 1",3.544,326.3,297.3,623.6
"CMJ 1",3.546,325.4,296.8,622.2
"CMJ 1",3.548,325.7,296.2,621.9
"CMJ 1",3.55,324.8,294,618.8
"CMJ 1",3.552,324.6,293.4,618
"CMJ 1",3.554,325,293.4,618.4
"CMJ 1",3.556,326.1,291.2,617.3
"CMJ 1",3.558,324.3,289.6,613.9
"CMJ 1",3.56,326.7,289,615.7
"CMJ 1",3.562,326.8,285.1,611.9
"CMJ 1",3.564,329.3,286.8,616.1
"CMJ 1",3.566,329.1,281.8,610.9
"CMJ 1",3.568,329.6,281.2,610.8
"CMJ 1",3.57,329.8,279.6,609.4
"CMJ 1",3.572,329.7,276.8,606.5
"CMJ 1",3.574,330.7,276.2,606.9
"CMJ 1",3.576,332.5,273.4,605.9
"CMJ 1",3.578,331.3,271.8,603.1
"CMJ 1",3.58,330.9,271.7,602.6
"CMJ 1",3.582,331.3,272.3,603.6
"CMJ 1",3.584,329.8,271.7,601.5
"CMJ 1",3.586,329,271.7,600.7
"CMJ 1",3.588,326.5,272.3,598.8
"CMJ 1",3.59,326.3,271.7,598
"CMJ 1",3.592,326.5,273.4,599.9
"CMJ 1",3.594,325.3,276.1,601.4
"CMJ 1",3.596,324.6,276.7,601.3
"CMJ 1",3.598,322.1,278.9,601
"CMJ 1",3.6,321.2,280.6,601.8
"CMJ 1",3.602,320.6,285.5,606.1
"CMJ 1",3.604,319.7,288.3,608
"CMJ 1",3.606,316.7,291.1,607.8
"CMJ 1",3.608,317.7,294.4,612.1
"CMJ 1",3.61,315.8,298.3,614.1
"CMJ 1",3.612,314.3,304.9,619.2
"CMJ 1",3.614,314,309.9,623.9
"CMJ 1",3.616,311.4,311.6,623
"CMJ 1",3.618,309.9,318.8,628.7
"CMJ 1",3.62,307,321,628
"CMJ 1",3.622,306.3,326.6,632.9
"CMJ 1",3.624,303.8,330.5,634.3
"CMJ 1",3.626,301.3,335.4,636.7
"CMJ 1",3.628,298.5,336.5,635
"CMJ 1",3.63,295.7,341.5,637.2
"CMJ 1",3.632,291.6,345.4,637
"CMJ 1",3.634,289.2,348.2,637.4
"CMJ 1",3.636,285.5,350.4,635.9
"CMJ 1",3.638,281.9,352.6,634.5
"CMJ 1",3.64,279.8,352.6,632.4
"CMJ 1",3.642,277.3,357.1,634.4
"CMJ 1",3.644,274.1,357.6,631.7
"CMJ 1",3.646,272,359.3,631.3
"CMJ 1",3.648,271.7,358.2,629.9
"CMJ 1",3.65,267.9,358.1,626
"CMJ 1",3.652,268.3,355.4,623.7
"CMJ 1",3.654,264.7,358.2,622.9
"CMJ 1",3.656,265.5,354.8,620.3
"CMJ 1",3.658,262.3,353.1,615.4
"CMJ 1",3.66,261.9,355.3,617.2
"CMJ 1",3.662,262.2,353.7,615.9
"CMJ 1",3.664,261,353.1,614.1
"CMJ 1",3.666,261.1,353.1,614.2
"CMJ 1",3.668,260.8,353.1,613.9
"CMJ 1",3.67,261,351.4,612.4
"CMJ 1",3.672,259.4,354.2,613.6
"CMJ 1",3.674,260.9,355.9,616.8
"CMJ 1",3.676,260.1,355.9,616
"CMJ 1",3.678,260.6,357.5,618.1
"CMJ 1",3.68,261.4,359.2,620.6
"CMJ 1",3.682,261.3,360.3,621.6
"CMJ 1",3.684,261.4,365.3,626.7
"CMJ 1",3.686,261,365.3,626.3
"CMJ 1",3.688,263.7,368.6,632.3
"CMJ 1",3.69,266.2,371.9,638.1
"CMJ 1",3.692,268.3,376.9,645.2
"CMJ 1",3.694,272.9,381.9,654.8
"CMJ 1",3.696,275.4,385.8,661.2
"CMJ 1",3.698,278.5,389.1,667.6
"CMJ 1",3.7,283,392.4,675.4
"CMJ 1",3.702,286,395.8,681.8
"CMJ 1",3.704,289.5,399.1,688.6
"CMJ 1",3.706,291,401.3,692.3
"CMJ 1",3.708,291.9,404.6,696.5
"CMJ 1",3.71,292.4,407.4,699.8
"CMJ 1",3.712,292.8,408.5,701.3
"CMJ 1",3.714,292.3,410.7,703
"CMJ 1",3.716,292,411.9,703.9
"CMJ 1",3.718,290.5,414.1,704.6
"CMJ 1",3.72,288.1,413.5,701.6
"CMJ 1",3.722,285.5,414.1,699.6
"CMJ 1",3.724,283.3,414.1,697.4
"CMJ 1",3.726,282.2,412.4,694.6
"CMJ 1",3.728,279.4,410.2,689.6
"CMJ 1",3.73,278.7,408.5,687.2
"CMJ 1",3.732,277.5,406.8,684.3
"CMJ 1",3.734,276.8,402.9,679.7
"CMJ 1",3.736,277.9,401.8,679.7
"CMJ 1",3.738,276.7,395.2,671.9
"CMJ 1",3.74,277.1,392.9,670
"CMJ 1",3.742,279.9,390.7,670.6
"CMJ 1",3.744,282.2,384,666.2
"CMJ 1",3.746,285.9,385.7,671.6
"CMJ 1",3.748,288.8,382.4,671.2
"CMJ 1",3.75,291,381.2,672.2
"CMJ 1",3.752,293.6,379.6,673.2
"CMJ 1",3.754,294,377.9,671.9
"CMJ 1",3.756,296.2,376.2,672.4
"CMJ 1",3.758,297.1,376.2,673.3
"CMJ 1",3.76,297.7,373.5,671.2
"CMJ 1",3.762,300.1,371.8,671.9
"CMJ 1",3.764,301.4,370.7,672.1
"CMJ 1",3.766,301.7,370.1,671.8
"CMJ 1",3.768,305.2,370.7,675.9
"CMJ 1",3.77,305.7,371.2,676.9
"CMJ 1",3.772,307.3,372.9,680.2
"CMJ 1",3.774,309.7,374,683.7
"CMJ 1",3.776,310.1,375.6,685.7
"CMJ 1",3.778,312.7,376.2,688.9
"CMJ 1",3.78,315.1,379,694.1
"CMJ 1",3.782,315.8,381.2,697
"CMJ 1",3.784,316.7,383.4,700.1
"CMJ 1",3.786,316.9,384.5,701.4
"CMJ 1",3.788,318.2,387.8,706
"CMJ 1",3.79,318.4,391.7,710.1
"CMJ 1",3.792,319.3,393.4,712.7
"CMJ 1",3.794,319.5,399.5,719
"CMJ 1",3.796,318.7,401.1,719.8
"CMJ 1",3.798,319.7,404.5,724.2
"CMJ 1",3.8,317.2,406.1,723.3
"CMJ 1",3.802,315.9,406.7,722.6
"CMJ 1",3.804,314.7,410,724.7
"CMJ 1",3.806,313.9,411.1,725
"CMJ 1",3.808,314.2,410.6,724.8
"CMJ 1",3.81,314.5,413.9,728.4
"CMJ 1",3.812,315.7,412.2,727.9
"CMJ 1",3.814,315.4,415.6,731
"CMJ 1",3.816,316.3,416.7,733
"CMJ 1",3.818,316.8,415,731.8
"CMJ 1",3.82,318.9,415.5,734.4
"CMJ 1",3.822,320.3,416.6,736.9
"CMJ 1",3.824,319.8,417.8,737.6
"CMJ 1",3.826,320.2,418.9,739.1
"CMJ 1",3.828,320.3,418.3,738.6
"CMJ 1",3.83,320.3,417.2,737.5
"CMJ 1",3.832,321.2,418.3,739.5
"CMJ 1",3.834,319.8,418.3,738.1
"CMJ 1",3.836,319.3,414.4,733.7
"CMJ 1",3.838,320.4,412.7,733.1
"CMJ 1",3.84,318.9,412.2,731.1
"CMJ 1",3.842,318.2,408.3,726.5
"CMJ 1",3.844,318.4,407.7,726.1
"CMJ 1",3.846,317.3,406.1,723.4
"CMJ 1",3.848,317.7,402.2,719.9
"CMJ 1",3.85,317.6,400,717.6
"CMJ 1",3.852,318,396.1,714.1
"CMJ 1",3.854,317.9,394.4,712.3
"CMJ 1",3.856,317.4,393.3,710.7
"CMJ 1",3.858,318.7,391.1,709.8
"CMJ 1",3.86,319.9,389.4,709.3
"CMJ 1",3.862,320.5,386.1,706.6
"CMJ 1",3.864,320.9,386.6,707.5
"CMJ 1",3.866,323.4,386.6,710
"CMJ 1",3.868,325.5,388.3,713.8
"CMJ 1",3.87,324,385,709
"CMJ 1",3.872,327.3,386.6,713.9
"CMJ 1",3.874,326.8,390.5,717.3
"CMJ 1",3.876,326.7,391.6,718.3
"CMJ 1",3.878,329.7,390.5,720.2
"CMJ 1",3.88,330.5,392.7,723.2
"CMJ 1",3.882,330.2,394.9,725.1
"CMJ 1",3.884,330.9,394.9,725.8
"CMJ 1",3.886,331.7,396,727.7
"CMJ 1",3.888,331,399.4,730.4
"CMJ 1",3.89,333.6,401.6,735.2
"CMJ 1",3.892,332.4,402.1,734.5
"CMJ 1",3.894,331.5,406,737.5
"CMJ 1",3.896,331.2,407.7,738.9
"CMJ 1",3.898,331.6,411.5,743.1
"CMJ 1",3.9,330.6,412.7,743.3
"CMJ 1",3.902,328.8,417.6,746.4
"CMJ 1",3.904,328,417.6,745.6
"CMJ 1",3.906,327.4,420.4,747.8
"CMJ 1",3.908,325.6,423.2,748.8
"CMJ 1",3.91,325.6,427.1,752.7
"CMJ 1",3.912,323.7,428.7,752.4
"CMJ 1",3.914,321.6,432,753.6
"CMJ 1",3.916,321,434.3,755.3
"CMJ 1",3.918,320.9,433.7,754.6
"CMJ 1",3.92,320.5,434.8,755.3
"CMJ 1",3.922,321.4,435.9,757.3
"CMJ 1",3.924,320.2,435.4,755.6
"CMJ 1",3.926,323.3,437.6,760.9
"CMJ 1",3.928,323.2,435.9,759.1
"CMJ 1",3.93,324.9,435.9,760.8
"CMJ 1",3.932,325.8,433.7,759.5
"CMJ 1",3.934,325.8,435.9,761.7
"CMJ 1",3.936,326.7,429.8,756.5
"CMJ 1",3.938,327.1,429.2,756.3
"CMJ 1",3.94,329.6,424.3,753.9
"CMJ 1",3.942,329.8,423.1,752.9
"CMJ 1",3.944,330.2,422.6,752.8
"CMJ 1",3.946,329.1,420.4,749.5
"CMJ 1",3.948,327.9,417.6,745.5
"CMJ 1",3.95,328.7,415.4,744.1
"CMJ 1",3.952,329.9,412,741.9
"CMJ 1",3.954,328.4,412,740.4
"CMJ 1",3.956,327.9,410.4,738.3
"CMJ 1",3.958,327.4,408.7,736.1
"CMJ 1",3.96,326.9,405.9,732.8
"CMJ 1",3.962,327.4,404.8,732.2
"CMJ 1",3.964,325.8,404.8,730.6
"CMJ 1",3.966,325.7,403.7,729.4
"CMJ 1",3.968,324.9,400.9,725.8
"CMJ 1",3.97,324.7,399.8,724.5
"CMJ 1",3.972,323.7,395.9,719.6
"CMJ 1",3.974,323.6,395.4,719
"CMJ 1",3.976,324.6,396.5,721.1
"CMJ 1",3.978,324,396.5,720.5
"CMJ 1",3.98,324.3,393.7,718
"CMJ 1",3.982,324.1,392.6,716.7
"CMJ 1",3.984,325.4,392,717.4
"CMJ 1",3.986,326.1,394.3,720.4
"CMJ 1",3.988,325.1,392.6,717.7
"CMJ 1",3.99,326.1,393.1,719.2
"CMJ 1",3.992,325.2,392.6,717.8
"CMJ 1",3.994,324.2,394.2,718.4
"CMJ 1",3.996,323.1,392,715.1
"CMJ 1",3.998,322.6,394.8,717.4
"CMJ 1",4,321.6,395.9,717.5
"CMJ 1",4.002,320,393.1,713.1
"CMJ 1",4.004,317.5,395.9,713.4
"CMJ 1",4.006,318.4,395.9,714.3
"CMJ 1",4.008,318.2,397,715.2
"CMJ 1",4.01,316.2,397,713.2
"CMJ 1",4.012,316.7,398.1,714.8
"CMJ 1",4.014,316.1,398.7,714.8
"CMJ 1",4.016,317.6,399.8,717.4
"CMJ 1",4.018,317.1,400.3,717.4
"CMJ 1",4.02,317.2,398.6,715.8
"CMJ 1",4.022,317,398.1,715.1
"CMJ 1",4.024,318.1,399.8,717.9
"CMJ 1",4.026,319,399.8,718.8
"CMJ 1",4.028,318.8,398.1,716.9
"CMJ 1",4.03,318.8,398.1,716.9
"CMJ 1",4.032,321.5,398.7,720.2
"CMJ 1",4.034,320.8,398.1,718.9
"CMJ 1",4.036,322.4,396.4,718.8
"CMJ 1",4.038,321.8,395.9,717.7
"CMJ 1",4.04,322.2,395.3,717.5
"CMJ 1",4.042,321.7,395.3,717
"CMJ 1",4.044,322.8,394.7,717.5
"CMJ 1",4.046,322.5,393.6,716.1
"CMJ 1",4.048,323.1,393.1,716.2
"CMJ 1",4.05,322.4,389.2,711.6
"CMJ 1",4.052,322.4,389.2,711.6
"CMJ 1",4.054,322.2,389.8,712
"CMJ 1",4.056,321.3,389.2,710.5
"CMJ 1",4.058,321.5,387,708.5
"CMJ 1",4.06,322.8,386.4,709.2
"CMJ 1",4.062,318.8,385.3,704.1
"CMJ 1",4.064,319.2,384.8,704
"CMJ 1",4.066,320,382,702
"CMJ 1",4.068,317.8,382.6,700.4
"CMJ 1",4.07,316.4,379.2,695.6
"CMJ 1",4.072,315.1,378.1,693.2
"CMJ 1",4.074,313.5,377,690.5
"CMJ 1",4.076,311.5,377.5,689
"CMJ 1",4.078,311.1,375.3,686.4
"CMJ 1",4.08,308.2,374.8,683
"CMJ 1",4.082,304.8,374.2,679
"CMJ 1",4.084,302.7,372,674.7
"CMJ 1",4.086,300.4,372.5,672.9
"CMJ 1",4.088,299.2,371.4,670.6
"CMJ 1",4.09,296.1,370.9,667
"CMJ 1",4.092,294.9,369.2,664.1
"CMJ 1",4.094,294.5,369.8,664.3
"CMJ 1",4.096,292.1,369.2,661.3
"CMJ 1",4.098,289.5,367,656.5
"CMJ 1",4.1,288,366.4,654.4
"CMJ 1",4.102,285.1,364.2,649.3
"CMJ 1",4.104,281.4,363.1,644.5
"CMJ 1",4.106,279.6,364.8,644.4
"CMJ 1",4.108,277,363.1,640.1
"CMJ 1",4.11,274.9,363.7,638.6
"CMJ 1",4.112,271.9,362,633.9
"CMJ 1",4.114,271.5,363.7,635.2
"CMJ 1",4.116,267.6,361.4,629
"CMJ 1",4.118,266,361.4,627.4
"CMJ 1",4.12,262.6,361.4,624
"CMJ 1",4.122,261.5,362.5,624
"CMJ 1",4.124,259.3,361.4,620.7
"CMJ 1",4.126,257.6,360.9,618.5
"CMJ 1",4.128,257.2,362,619.2
"CMJ 1",4.13,256.5,358.7,615.2
"CMJ 1",4.132,257,360.9,617.9
"CMJ 1",4.134,256.3,360.9,617.2
"CMJ 1",4.136,256.3,360.9,617.2
"CMJ 1",4.138,256.2,360.3,616.5
"CMJ 1",4.14,255.9,358.1,614
"CMJ 1",4.142,255.7,358.1,613.8
"CMJ 1",4.144,256.3,359.2,615.5
"CMJ 1",4.146,255.5,358.1,613.6
"CMJ 1",4.148,256.3,357.5,613.8
"CMJ 1",4.15,256.5,357,613.5
"CMJ 1",4.152,255.7,356.4,612.1
"CMJ 1",4.154,256.1,355.9,612
"CMJ 1",4.156,257.4,355.9,613.3
"CMJ 1",4.158,257.1,354.2,611.3
"CMJ 1",4.16,256.6,352.5,609.1
"CMJ 1",4.162,257.7,352,609.7
"CMJ 1",4.164,257.5,352.5,610
"CMJ 1",4.166,257.6,353.6,611.2
"CMJ 1",4.168,257.9,349.7,607.6
"CMJ 1",4.17,257.5,350.3,607.8
"CMJ 1",4.172,257.1,349.2,606.3
"CMJ 1",4.174,256.6,349.2,605.8
"CMJ 1",4.176,255.9,350.9,606.8
"CMJ 1",4.178,257.1,348.1,605.2
"CMJ 1",4.18,256.3,349.2,605.5
"CMJ 1",4.182,254.8,347.5,602.3
"CMJ 1",4.184,252.7,348.1,600.8
"CMJ 1",4.186,252.4,345.3,597.7
"CMJ 1",4.188,251.2,348.1,599.3
"CMJ 1",4.19,250.6,347,597.6
"CMJ 1",4.192,249.7,347.5,597.2
"CMJ 1",4.194,247.4,347,594.4
"CMJ 1",4.196,247.2,347,594.2
"CMJ 1",4.198,244.5,347,591.5
"CMJ 1",4.2,244,348.1,592.1
"CMJ 1",4.202,244.6,349.2,593.8
"CMJ 1",4.204,242.6,350.3,592.9
"CMJ 1",4.206,243,349.7,592.7
"CMJ 1",4.208,242.6,351.9,594.5
"CMJ 1",4.21,241.6,354.2,595.8
"CMJ 1",4.212,241.9,355.8,597.7
"CMJ 1",4.214,241,358.6,599.6
"CMJ 1",4.216,241.1,360.3,601.4
"CMJ 1",4.218,240.5,363,603.5
"CMJ 1",4.22,241,363,604
"CMJ 1",4.222,242.1,366.3,608.4
"CMJ 1",4.224,240.5,369.1,609.6
"CMJ 1",4.226,242.8,370.8,613.6
"CMJ 1",4.228,242.8,373.5,616.3
"CMJ 1",4.23,243.9,376.3,620.2
"CMJ 1",4.232,245.1,380.2,625.3
"CMJ 1",4.234,245.3,383.5,628.8
"CMJ 1",4.236,244.7,386.8,631.5
"CMJ 1",4.238,243.6,387.9,631.5
"CMJ 1",4.24,245.7,394,639.7
"CMJ 1",4.242,246.2,396.2,642.4
"CMJ 1",4.244,247.3,401.8,649.1
"CMJ 1",4.246,247.6,406.2,653.8
"CMJ 1",4.248,249.3,410.6,659.9
"CMJ 1",4.25,250.1,415.6,665.7
"CMJ 1",4.252,254.4,423.9,678.3
"CMJ 1",4.254,256.7,434.4,691.1
"CMJ 1",4.256,258.7,439.4,698.1
"CMJ 1",4.258,260.1,445.5,705.6
"CMJ 1",4.26,266,449.9,715.9
"CMJ 1",4.262,269.7,459.3,729
"CMJ 1",4.264,272.6,466.5,739.1
"CMJ 1",4.266,278.8,474.3,753.1
"CMJ 1",4.268,283,483.7,766.7
"CMJ 1",4.27,287,491.5,778.5
"CMJ 1",4.272,293,500.9,793.9
"CMJ 1",4.274,299.6,513.1,812.7
"CMJ 1",4.276,307.1,525.2,832.3
"CMJ 1",4.278,313.8,536.3,850.1
"CMJ 1",4.28,322.2,548.5,870.7
"CMJ 1",4.282,331.8,559.6,891.4
"CMJ 1",4.284,339.3,573.4,912.7
"CMJ 1",4.286,351.9,583.9,935.8
"CMJ 1",4.288,363.1,596.7,959.8
"CMJ 1",4.29,373.8,611.1,984.9
"CMJ 1",4.292,383.4,623.8,1007.2
"CMJ 1",4.294,396.2,639.9,1036.1
"CMJ 1",4.296,411.8,657.1,1068.9
"CMJ 1",4.298,426,670.9,1096.9
"CMJ 1",4.3,439.7,685.9,1125.6
"CMJ 1",4.302,456.1,702.5,1158.6
"CMJ 1",4.304,469.8,718.6,1188.4
"CMJ 1",4.306,484.8,739.1,1223.9
"CMJ 1",4.308,501.4,755.7,1257.1
"CMJ 1",4.31,516,771.8,1287.8
"CMJ 1",4.312,531.2,788.4,1319.6
"CMJ 1",4.314,547.2,807.2,1354.4
"CMJ 1",4.316,564.4,823.9,1388.3
"CMJ 1",4.318,579.8,837.7,1417.5
"CMJ 1",4.32,596.1,849.9,1446
"CMJ 1",4.322,610.5,866.5,1477
"CMJ 1",4.324,624.8,879.8,1504.6
"CMJ 1",4.326,639.2,893.2,1532.4
"CMJ 1",4.328,653,903.1,1556.1
"CMJ 1",4.33,666.2,913.7,1579.9
"CMJ 1",4.332,678.1,923.1,1601.2
"CMJ 1",4.334,689.7,933.1,1622.8
"CMJ 1",4.336,700.4,943.6,1644
"CMJ 1",4.338,720.7,957.5,1678.2
"CMJ 1",4.34,728.2,964.7,1692.9
"CMJ 1",4.342,735.7,973.1,1708.8
"CMJ 1",4.344,741.3,979.2,1720.5
"CMJ 1",4.346,745.8,983.6,1729.4
"CMJ 1",4.348,749.4,990.3,1739.7
"CMJ 1",4.35,753.3,996.4,1749.7
"CMJ 1",4.352,755.5,1001.9,1757.4
"CMJ 1",4.354,756.4,1006.9,1763.3
"CMJ 1",4.356,759.9,1014.7,1774.6
"CMJ 1",4.358,762,1016.4,1778.4
"CMJ 1",4.36,765,1021.9,1786.9
"CMJ 1",4.362,766.2,1026.9,1793.1
"CMJ 1",4.364,767.4,1034.1,1801.5
"CMJ 1",4.366,768.6,1038.5,1807.1
"CMJ 1",4.368,770.9,1043.5,1814.4
"CMJ 1",4.37,773.4,1048,1821.4
"CMJ 1",4.372,777.9,1052.4,1830.3
"CMJ 1",4.374,780.4,1056.3,1836.7
"CMJ 1",4.376,784.9,1061.2,1846.1
"CMJ 1",4.378,788.9,1064,1852.9
"CMJ 1",4.38,793.5,1069.5,1863
"CMJ 1",4.382,797.6,1071.2,1868.8
"CMJ 1",4.384,801.5,1074.5,1876
"CMJ 1",4.386,807.6,1077.3,1884.9
"CMJ 1",4.388,813.5,1081.7,1895.2
"CMJ 1",4.39,816.3,1083.9,1900.2
"CMJ 1",4.392,822.5,1088.3,1910.8
"CMJ 1",4.394,826.8,1090,1916.8
"CMJ 1",4.396,833,1093.9,1926.9
"CMJ 1",4.398,839.2,1095,1934.2
"CMJ 1",4.4,843.2,1096.6,1939.8
"CMJ 1",4.402,848.1,1098.3,1946.4
"CMJ 1",4.404,850.8,1096.6,1947.4
"CMJ 1",4.406,854.6,1098.8,1953.4
"CMJ 1",4.408,858.8,1097.2,1956
"CMJ 1",4.41,860,1097.7,1957.7
"CMJ 1",4.412,864.1,1096.6,1960.7
"CMJ 1",4.414,864.1,1096.1,1960.2
"CMJ 1",4.416,865,1096.1,1961.1
"CMJ 1",4.418,865.2,1093.9,1959.1
"CMJ 1",4.42,865,1091.1,1956.1
"CMJ 1",4.422,863.9,1087.8,1951.7
"CMJ 1",4.424,861.3,1083.9,1945.2
"CMJ 1",4.426,859.5,1080,1939.5
"CMJ 1",4.428,857.1,1075,1932.1
"CMJ 1",4.43,853.2,1073.9,1927.1
"CMJ 1",4.432,850.3,1068.9,1919.2
"CMJ 1",4.434,847.6,1067.8,1915.4
"CMJ 1",4.436,843.1,1061.1,1904.2
"CMJ 1",4.438,839.7,1056.7,1896.4
"CMJ 1",4.44,836.7,1053.3,1890
"CMJ 1",4.442,831.4,1051.1,1882.5
"CMJ 1",4.444,827.1,1047.2,1874.3
"CMJ 1",4.446,823.5,1045,1868.5
"CMJ 1",4.448,819.4,1042.2,1861.6
"CMJ 1",4.45,816.2,1038.9,1855.1
"CMJ 1",4.452,812.1,1034.5,1846.6
"CMJ 1",4.454,808.5,1029.4,1837.9
"CMJ 1",4.456,806,1026.1,1832.1
"CMJ 1",4.458,801.6,1021.7,1823.3
"CMJ 1",4.46,798.7,1015,1813.7
"CMJ 1",4.462,796.1,1010.1,1806.2
"CMJ 1",4.464,792,1005.6,1797.6
"CMJ 1",4.466,790.2,1000.1,1790.3
"CMJ 1",4.468,788.2,996.2,1784.4
"CMJ 1",4.47,786.3,992.3,1778.6
"CMJ 1",4.472,783.4,987.9,1771.3
"CMJ 1",4.474,780.7,984,1764.7
"CMJ 1",4.476,779.1,983.4,1762.5
"CMJ 1",4.478,777.6,976.8,1754.4
"CMJ 1",4.48,775.2,974,1749.2
"CMJ 1",4.482,774.5,969,1743.5
"CMJ 1",4.484,771.1,964,1735.1
"CMJ 1",4.486,770.8,962.4,1733.2
"CMJ 1",4.488,770,956.3,1726.3
"CMJ 1",4.49,767.3,954,1721.3
"CMJ 1",4.492,765.9,948.5,1714.4
"CMJ 1",4.494,763.3,945.7,1709
"CMJ 1",4.496,762,942.4,1704.4
"CMJ 1",4.498,760,938,1698
"CMJ 1",4.5,756.4,934.1,1690.5
"CMJ 1",4.502,754.6,932.4,1687
"CMJ 1",4.504,752,926.9,1678.9
"CMJ 1",4.506,749.7,924.7,1674.4
"CMJ 1",4.508,741.7,914.1,1655.8
"CMJ 1",4.51,737.6,909.7,1647.3
"CMJ 1",4.512,733.1,904.1,1637.2
"CMJ 1",4.514,727,897.5,1624.5
"CMJ 1",4.516,722.9,893.6,1616.5
"CMJ 1",4.518,716.6,885.3,1601.9
"CMJ 1",4.52,709.6,878.1,1587.7
"CMJ 1",4.522,701.5,869.2,1570.7
"CMJ 1",4.524,694,861.5,1555.5
"CMJ 1",4.526,685.4,852,1537.4
"CMJ 1",4.528,677.7,842.6,1520.3
"CMJ 1",4.53,665.5,830.4,1495.9
"CMJ 1",4.532,653.4,818.8,1472.2
"CMJ 1",4.534,641.8,809.4,1451.2
"CMJ 1",4.536,628.8,795,1423.8
"CMJ 1",4.538,613.4,778.9,1392.3
"CMJ 1",4.54,597.2,762.3,1359.5
"CMJ 1",4.542,579.7,746.2,1325.9
"CMJ 1",4.544,561,727.4,1288.4
"CMJ 1",4.546,541.4,707.5,1248.9
"CMJ 1",4.548,521.3,687,1208.3
"CMJ 1",4.55,500.2,662.6,1162.8
"CMJ 1",4.552,477.7,637.7,1115.4
"CMJ 1",4.554,455.4,609.4,1064.8
"CMJ 1",4.556,428.9,582.3,1011.2
"CMJ 1",4.558,402.3,549.1,951.4
"CMJ 1",4.56,374.2,513.6,887.8
"CMJ 1",4.562,346.8,476.5,823.3
"CMJ 1",4.564,317.4,441.1,758.5
"CMJ 1",4.566,283.3,402.9,686.2
"CMJ 1",4.568,245.8,361.4,607.2
"CMJ 1",4.57,210.3,317,527.3
"CMJ 1",4.572,169.8,273.3,443.1
"CMJ 1",4.574,131.1,226.8,357.9
"CMJ 1",4.576,92.3,183.1,275.4
"CMJ 1",4.578,55.7,131.6,187.3
"CMJ 1",4.58,28.1,85.6,113.7
"CMJ 1",4.582,10.4,45.2,55.6
"CMJ 1",4.584,0,12.5,12.5
"CMJ 1",4.586,0,0,0
"CMJ 1",4.588,0,0,0
"CMJ 1",4.59,0,0,0
"CMJ 1",4.592,0,12.6,12.6
"CMJ 1",4.594,0,0,0
"CMJ 1",4.596,0,0,0
"CMJ 1",4.598,0,0,0
"CMJ 1",4.6,0,7.1,7.1
"CMJ 1",4.602,0,0,0
"CMJ 1",4.604,0,0,0
"CMJ 1",4.606,0,0,0
"CMJ 1",4.608,0,0,0
"CMJ 1",4.61,0,7.1,7.1
"CMJ 1",4.612,0,6,6
"CMJ 1",4.614,0,0,0
"CMJ 1",4.616,0,0,0
"CMJ 1",4.618,0,0,0
"CMJ 1",4.62,0,0,0
"CMJ 1",4.622,0,0,0
"CMJ 1",4.624,0,0,0
"CMJ 1",4.626,0,0,0
"CMJ 1",4.628,0,0,0
"CMJ 1",4.63,0,0,0
"CMJ 1",4.632,0,0,0
"CMJ 1",4.634,0,0,0
"CMJ 1",4.636,0,0,0
"CMJ 1",4.638,0,0,0
"CMJ 1",4.64,0,0,0
"CMJ 1",4.642,0,0,0
"CMJ 1",4.644,0,0,0
"CMJ 1",4.646,0,0,0
"CMJ 1",4.648,0,0,0
"CMJ 1",4.65,0,0,0
"CMJ 1",4.652,0,0,0
"CMJ 1",4.654,0,0,0
"CMJ 1",4.656,0,0,0
"CMJ 1",4.658,0,0,0
"CMJ 1",4.66,0,0,0
"CMJ 1",4.662,0,0,0
"CMJ 1",4.664,0,0,0
"CMJ 1",4.666,0,0,0
"CMJ 1",4.668,0,0,0
"CMJ 1",4.67,0,0,0
"CMJ 1",4.672,0,0,0
"CMJ 1",4.674,0,0,0
"CMJ 1",4.676,0,0,0
"CMJ 1",4.678,0,0,0
"CMJ 1",4.68,0,0,0
"CMJ 1",4.682,0,0,0
"CMJ 1",4.684,0,0,0
"CMJ 1",4.686,0,0,0
"CMJ 1",4.688,0,0,0
"CMJ 1",4.69,0,0,0
"CMJ 1",4.692,0,0,0
"CMJ 1",4.694,0,0,0
"CMJ 1",4.696,0,0,0
"CMJ 1",4.698,0,0,0
"CMJ 1",4.7,0,0,0
"CMJ 1",4.702,0,0,0
"CMJ 1",4.704,0,0,0
"CMJ 1",4.706,0,0,0
"CMJ 1",4.708,0,0,0
"CMJ 1",4.71,0,0,0
"CMJ 1",4.712,0,0,0
"CMJ 1",4.714,0,0,0
"CMJ 1",4.716,0,0,0
"CMJ 1",4.718,0,0,0
"CMJ 1",4.72,0,0,0
"CMJ 1",4.722,0,0,0
"CMJ 1",4.724,0,0,0
"CMJ 1",4.726,0,0,0
"CMJ 1",4.728,0,0,0
"CMJ 1",4.73,0,0,0
"CMJ 1",4.732,0,0,0
"CMJ 1",4.734,0,0,0
"CMJ 1",4.736,0,0,0
"CMJ 1",4.738,0,0,0
"CMJ 1",4.74,0,0,0
"CMJ 1",4.742,0,0,0
"CMJ 1",4.744,0,0,0
"CMJ 1",4.746,0,0,0
"CMJ 1",4.748,0,0,0
"CMJ 1",4.75,0,0,0
"CMJ 1",4.752,0,0,0
"CMJ 1",4.754,0,0,0
"CMJ 1",4.756,0,0,0
"CMJ 1",4.758,0,0,0
"CMJ 1",4.76,0,0,0
"CMJ 1",4.762,0,0,0
"CMJ 1",4.764,0,0,0
"CMJ 1",4.766,0,0,0
"CMJ 1",4.768,0,0,0
"CMJ 1",4.77,0,0,0
"CMJ 1",4.772,0,0,0
"CMJ 1",4.774,0,0,0
"CMJ 1",4.776,0,0,0
"CMJ 1",4.778,0,0,0
"CMJ 1",4.78,0,0,0
"CMJ 1",4.782,0,0,0
"CMJ 1",4.784,0,0,0
"CMJ 1",4.786,0,0,0
"CMJ 1",4.788,0,0,0
"CMJ 1",4.79,0,0,0
"CMJ 1",4.792,0,0,0
"CMJ 1",4.794,0,0,0
"CMJ 1",4.796,0,0,0
"CMJ 1",4.798,0,0,0
"CMJ 1",4.8,0,0,0
"CMJ 1",4.802,0,0,0
"CMJ 1",4.804,0,0,0
"CMJ 1",4.806,0,0,0
"CMJ 1",4.808,0,0,0
"CMJ 1",4.81,0,0,0
"CMJ 1",4.812,0,0,0
"CMJ 1",4.814,0,0,0
"CMJ 1",4.816,0,0,0
"CMJ 1",4.818,0,0,0
"CMJ 1",4.82,0,0,0
"CMJ 1",4.822,0,0,0
"CMJ 1",4.824,0,0,0
"CMJ 1",4.826,0,0,0
"CMJ 1",4.828,0,0,0
"CMJ 1",4.83,0,0,0
"CMJ 1",4.832,0,0,0
"CMJ 1",4.834,0,0,0
"CMJ 1",4.836,0,0,0
"CMJ 1",4.838,0,0,0
"CMJ 1",4.84,0,0,0
"CMJ 1",4.842,0,0,0
"CMJ 1",4.844,0,0,0
"CMJ 1",4.846,0,0,0
"CMJ 1",4.848,0,0,0
"CMJ 1",4.85,0,0,0
"CMJ 1",4.852,0,0,0
"CMJ 1",4.854,0,0,0
"CMJ 1",4.856,0,0,0
"CMJ 1",4.858,0,0,0
"CMJ 1",4.86,0,0,0
"CMJ 1",4.862,0,0,0
"CMJ 1",4.864,0,0,0
"CMJ 1",4.866,0,0,0
"CMJ 1",4.868,0,0,0
"CMJ 1",4.87,0,0,0
"CMJ 1",4.872,0,0,0
"CMJ 1",4.874,0,0,0
"CMJ 1",4.876,0,0,0
"CMJ 1",4.878,0,0,0
"CMJ 1",4.88,0,0,0
"CMJ 1",4.882,0,0,0
"CMJ 1",4.884,0,0,0
"CMJ 1",4.886,0,0,0
"CMJ 1",4.888,0,0,0
"CMJ 1",4.89,0,0,0
"CMJ 1",4.892,0,0,0
"CMJ 1",4.894,0,0,0
"CMJ 1",4.896,0,0,0
"CMJ 1",4.898,0,0,0
"CMJ 1",4.9,0,0,0
"CMJ 1",4.902,0,0,0
"CMJ 1",4.904,0,0,0
"CMJ 1",4.906,0,0,0
"CMJ 1",4.908,0,0,0
"CMJ 1",4.91,0,0,0
"CMJ 1",4.912,0,0,0
"CMJ 1",4.914,0,0,0
"CMJ 1",4.916,0,0,0
"CMJ 1",4.918,0,0,0
"CMJ 1",4.92,0,0,0
"CMJ 1",4.922,0,0,0
"CMJ 1",4.924,0,0,0
"CMJ 1",4.926,0,0,0
"CMJ 1",4.928,0,0,0
"CMJ 1",4.93,0,0,0
"CMJ 1",4.932,0,0,0
"CMJ 1",4.934,0,0,0
"CMJ 1",4.936,0,0,0
"CMJ 1",4.938,0,0,0
"CMJ 1",4.94,0,0,0
"CMJ 1",4.942,0,0,0
"CMJ 1",4.944,0,0,0
"CMJ 1",4.946,0,0,0
"CMJ 1",4.948,0,0,0
"CMJ 1",4.95,0,0,0
"CMJ 1",4.952,0,0,0
"CMJ 1",4.954,0,0,0
"CMJ 1",4.956,0,0,0
"CMJ 1",4.958,0,0,0
"CMJ 1",4.96,0,0,0
"CMJ 1",4.962,0,0,0
"CMJ 1",4.964,0,0,0
"CMJ 1",4.966,0,0,0
"CMJ 1",4.968,0,0,0
"CMJ 1",4.97,0,0,0
"CMJ 1",4.972,0,0,0
"CMJ 1",4.974,0,0,0
"CMJ 1",4.976,0,0,0
"CMJ 1",4.978,0,0,0
"CMJ 1",4.98,0,0,0
"CMJ 1",4.982,0,0,0
"CMJ 1",4.984,0,0,0
"CMJ 1",4.986,0,0,0
"CMJ 1",4.988,0,0,0
"CMJ 1",4.99,0,0,0
"CMJ 1",4.992,0,0,0
"CMJ 1",4.994,0,0,0
"CMJ 1",4.996,0,0,0
"CMJ 1",4.998,0,0,0
"CMJ 1",5,0,0,0
"CMJ 1",5.002,0,0,0
"CMJ 1",5.004,0,0,0
"CMJ 1",5.006,0,0,0
"CMJ 1",5.008,0,0,0
"CMJ 1",5.01,0,0,0
"CMJ 1",5.012,0,0,0
"CMJ 1",5.014,0,0,0
"CMJ 1",5.016,0,0,0
"CMJ 1",5.018,0,0,0
"CMJ 1",5.02,0,0,0
"CMJ 1",5.022,0,0,0
"CMJ 1",5.024,0,0,0
"CMJ 1",5.026,0,0,0
"CMJ 1",5.028,0,0,0
"CMJ 1",5.03,0,0,0
"CMJ 1",5.032,0,0,0
"CMJ 1",5.034,0,0,0
"CMJ 1",5.036,0,0,0
"CMJ 1",5.038,0,0,0
"CMJ 1",5.04,0,0,0
"CMJ 1",5.042,0,0,0
"CMJ 1",5.044,0,0,0
"CMJ 1",5.046,0,0,0
"CMJ 1",5.048,0,0,0
"CMJ 1",5.05,0,0,0
"CMJ 1",5.052,0,0,0
"CMJ 1",5.054,0,0,0
"CMJ 1",5.056,0,0,0
"CMJ 1",5.058,0,0,0
"CMJ 1",5.06,0,0,0
"CMJ 1",5.062,0,0,0
"CMJ 1",5.064,0,0,0
"CMJ 1",5.066,0,0,0
"CMJ 1",5.068,0,0,0
"CMJ 1",5.07,0,0,0
"CMJ 1",5.072,0,0,0
"CMJ 1",5.074,0,0,0
"CMJ 1",5.076,0,0,0
"CMJ 1",5.078,0,0,0
"CMJ 1",5.08,0,0,0
"CMJ 1",5.082,0,0,0
"CMJ 1",5.084,0,0,0
"CMJ 1",5.086,0,0,0
"CMJ 1",5.088,0,0,0
"CMJ 1",5.09,0,0,0
"CMJ 1",5.092,0,0,0
"CMJ 1",5.094,0,0,0
"CMJ 1",5.096,0,0,0
"CMJ 1",5.098,0,0,0
"CMJ 1",5.1,0,0,0
"CMJ 1",5.102,0,0,0
"CMJ 1",5.104,0,0,0
"CMJ 1",5.106,0,0,0
"CMJ 1",5.108,0,0,0
"CMJ 1",5.11,0,0,0
"CMJ 1",5.112,0,0,0
"CMJ 1",5.114,0,0,0
"CMJ 1",5.116,0,0,0
"CMJ 1",5.118,0,0,0
"CMJ 1",5.12,0,0,0
"CMJ 1",5.122,0,0,0
"CMJ 1",5.124,0,0,0
"CMJ 1",5.126,0,0,0
"CMJ 1",5.128,0,0,0
"CMJ 1",5.13,0,0,0
"CMJ 1",5.132,0,0,0
"CMJ 1",5.134,0,0,0
"CMJ 1",5.136,0,0,0
"CMJ 1",5.138,0,0,0
"CMJ 1",5.14,0,0,0
"CMJ 1",5.142,0,0,0
"CMJ 1",5.144,0,0,0
"CMJ 1",5.146,0,0,0
"CMJ 1",5.148,0,0,0
"CMJ 1",5.15,0,0,0
"CMJ 1",5.152,0,0,0
"CMJ 1",5.154,0,0,0
"CMJ 1",5.156,0,0,0
"CMJ 1",5.158,0,186.8,186.8
"CMJ 1",5.16,0,435.9,435.9
"CMJ 1",5.162,101.5,552,653.5
"CMJ 1",5.164,259.1,513.1,772.2
"CMJ 1",5.166,333.4,601.8,935.2
"CMJ 1",5.168,361.8,902.1,1263.9
"CMJ 1",5.17,487.6,1165.2,1652.8
"CMJ 1",5.172,685.1,1255.2,1940.3
"CMJ 1",5.174,793.8,1129.9,1923.7
"CMJ 1",5.176,726.1,869.7,1595.8
"CMJ 1",5.178,596.9,617.1,1214
"CMJ 1",5.18,524.2,510.7,1034.9
"CMJ 1",5.182,500.1,545.9,1046
"CMJ 1",5.184,466,656.9,1122.9
"CMJ 1",5.186,376,830,1206
"CMJ 1",5.188,422.2,1120.3,1542.5
"CMJ 1",5.19,514.4,1106.9,1621.3
"CMJ 1",5.192,567,1087.5,1654.5
"CMJ 1",5.194,582.7,1187.2,1769.9
"CMJ 1",5.196,594,1361.3,1955.3
"CMJ 1",5.198,631,1513.2,2144.2
"CMJ 1",5.2,666.1,1583.6,2249.7
"CMJ 1",5.202,694.5,1604.2,2298.7
"CMJ 1",5.204,761.5,1683.7,2445.2
"CMJ 1",5.206,806.7,1804.2,2610.9
"CMJ 1",5.208,830.9,1826.8,2657.7
"CMJ 1",5.21,850.6,1835.8,2686.4
"CMJ 1",5.212,873.9,1933.8,2807.7
"CMJ 1",5.214,918.7,2118.9,3037.6
"CMJ 1",5.216,1014.2,2333.3,3347.5
"CMJ 1",5.218,1079.7,2569.9,3649.6
"CMJ 1",5.22,1159,2731.2,3890.2
"CMJ 1",5.222,1360.1,2825.2,4185.3
"CMJ 1",5.224,1638.2,2867,4505.2
"CMJ 1",5.226,1843.5,2863.7,4707.2
"CMJ 1",5.228,2013.8,2767.1,4780.9
"CMJ 1",5.23,2159,2582.2,4741.2
"CMJ 1",5.232,2229.7,2376.7,4606.4
"CMJ 1",5.234,2165.8,2190.6,4356.4
"CMJ 1",5.236,2010.2,2023.3,4033.5
"CMJ 1",5.238,1842.4,1877.3,3719.7
"CMJ 1",5.24,1662.6,1757.8,3420.4
"CMJ 1",5.242,1483.6,1669,3152.6
"CMJ 1",5.244,1315,1611.8,2926.8
"CMJ 1",5.246,1166.7,1544.6,2711.3
"CMJ 1",5.248,1064.1,1462.4,2526.5
"CMJ 1",5.25,974.8,1369.2,2344
"CMJ 1",5.252,889.4,1292.1,2181.5
"CMJ 1",5.254,813.9,1240.5,2054.4
"CMJ 1",5.256,745.1,1197.8,1942.9
"CMJ 1",5.258,696.4,1160.1,1856.5
"CMJ 1",5.26,661,1121.8,1782.8
"CMJ 1",5.262,626.8,1075.8,1702.6
"CMJ 1",5.264,594,1036.4,1630.4
"CMJ 1",5.266,566,1008.1,1574.1
"CMJ 1",5.268,548.5,997,1545.5
"CMJ 1",5.27,534.5,990.9,1525.4
"CMJ 1",5.272,505.2,984.3,1489.5
"CMJ 1",5.274,503.9,973.2,1477.1
"CMJ 1",5.276,506.3,959.9,1466.2
"CMJ 1",5.278,511.8,951,1462.8
"CMJ 1",5.28,516.4,944.9,1461.3
"CMJ 1",5.282,525.5,947.2,1472.7
"CMJ 1",5.284,535,947.7,1482.7
"CMJ 1",5.286,543.8,944.4,1488.2
"CMJ 1",5.288,551.4,936.6,1488
"CMJ 1",5.29,557.7,924.4,1482.1
"CMJ 1",5.292,566.4,911.1,1477.5
"CMJ 1",5.294,575.4,904.4,1479.8
"CMJ 1",5.296,585.1,903.3,1488.4
"CMJ 1",5.298,594.6,907.2,1501.8
"CMJ 1",5.3,607.3,908.8,1516.1
"CMJ 1",5.302,626.3,909.9,1536.2
"CMJ 1",5.304,643.2,908.8,1552
"CMJ 1",5.306,656.7,909.9,1566.6
"CMJ 1",5.308,668.5,914.3,1582.8
"CMJ 1",5.31,678.6,921,1599.6
"CMJ 1",5.312,687.5,927.6,1615.1
"CMJ 1",5.314,691.6,933.1,1624.7
"CMJ 1",5.316,689.4,936.4,1625.8
"CMJ 1",5.318,687.7,935.9,1623.6
"CMJ 1",5.32,680.8,932.5,1613.3
"CMJ 1",5.322,670.2,931.4,1601.6
"CMJ 1",5.324,658.8,932.5,1591.3
"CMJ 1",5.326,643.3,935.8,1579.1
"CMJ 1",5.328,629.5,939.1,1568.6
"CMJ 1",5.33,614.7,937.4,1552.1
"CMJ 1",5.332,597.8,936.3,1534.1
"CMJ 1",5.334,579.9,930.2,1510.1
"CMJ 1",5.336,563,928.6,1491.6
"CMJ 1",5.338,547.2,926.3,1473.5
"CMJ 1",5.34,524.4,925.8,1450.2
"CMJ 1",5.342,502.5,923.6,1426.1
"CMJ 1",5.344,488.4,918,1406.4
"CMJ 1",5.346,473,911.9,1384.9
"CMJ 1",5.348,455.4,903.6,1359
"CMJ 1",5.35,434.1,894.2,1328.3
"CMJ 1",5.352,417.3,885.9,1303.2
"CMJ 1",5.354,400.7,878.1,1278.8
"CMJ 1",5.356,384,870.9,1254.9
"CMJ 1",5.358,350.4,852.6,1203
"CMJ 1",5.36,336.2,839.8,1176
"CMJ 1",5.362,320.5,824.3,1144.8
"CMJ 1",5.364,305.4,811,1116.4
"CMJ 1",5.366,292.6,798.2,1090.8
"CMJ 1",5.368,280.7,784.9,1065.6
"CMJ 1",5.37,266.5,771.6,1038.1
"CMJ 1",5.372,255.5,756,1011.5
"CMJ 1",5.374,244.2,740.5,984.7
"CMJ 1",5.376,234.5,725.5,960
"CMJ 1",5.378,225.4,710,935.4
"CMJ 1",5.38,216.7,695,911.7
"CMJ 1",5.382,207.2,681.7,888.9
"CMJ 1",5.384,200.1,668.3,868.4
"CMJ 1",5.386,194.6,655,849.6
"CMJ 1",5.388,187,640.6,827.6
"CMJ 1",5.39,181.4,626.2,807.6
"CMJ 1",5.392,175.8,611.2,787
"CMJ 1",5.394,169.2,597.3,766.5
"CMJ 1",5.396,163.9,585.1,749
"CMJ 1",5.398,160.8,572.9,733.7
"CMJ 1",5.4,156.9,562.3,719.2
"CMJ 1",5.402,152.9,549.6,702.5
"CMJ 1",5.404,148.3,534.6,682.9
"CMJ 1",5.406,144.8,522.4,667.2
"CMJ 1",5.408,144.2,512.4,656.6
"CMJ 1",5.41,140.9,502.4,643.3
"CMJ 1",5.412,139.1,490.2,629.3
"CMJ 1",5.414,136.7,481.9,618.6
"CMJ 1",5.416,135.2,473.6,608.8
"CMJ 1",5.418,134.6,463.6,598.2
"CMJ 1",5.42,133.1,453.6,586.7
"CMJ 1",5.422,132.3,444.1,576.4
"CMJ 1",5.424,132.3,436.9,569.2
"CMJ 1",5.426,132.4,429.7,562.1
"CMJ 1",5.428,131.6,424.2,555.8
"CMJ 1",5.43,130.3,417,547.3
"CMJ 1",5.432,129.8,411.4,541.2
"CMJ 1",5.434,129,404.7,533.7
"CMJ 1",5.436,126.9,398.1,525
"CMJ 1",5.438,123.5,391.4,514.9
"CMJ 1",5.44,121.7,387,508.7
"CMJ 1",5.442,114.4,377,491.4
"CMJ 1",5.444,109.8,370.9,480.7
"CMJ 1",5.446,105.9,365.9,471.8
"CMJ 1",5.448,102.7,358.7,461.4
"CMJ 1",5.45,100.2,353.1,453.3
"CMJ 1",5.452,96,349.3,445.3
"CMJ 1",5.454,93.2,342.6,435.8
"CMJ 1",5.456,91,339.3,430.3
"CMJ 1",5.458,87.6,333.8,421.4
"CMJ 1",5.46,85.5,327.7,413.2
"CMJ 1",5.462,83.5,321,404.5
"CMJ 1",5.464,82.6,315.5,398.1
"CMJ 1",5.466,81.3,311,392.3
"CMJ 1",5.468,79.3,307.7,387
"CMJ 1",5.47,78.4,301.6,380
"CMJ 1",5.472,78.9,298.3,377.2
"CMJ 1",5.474,79.1,293.3,372.4
"CMJ 1",5.476,79.9,290.5,370.4
"CMJ 1",5.478,80.7,288.3,369
"CMJ 1",5.48,77.6,283.9,361.5
"CMJ 1",5.482,77.6,283.9,361.5
"CMJ 1",5.484,80,281.7,361.7
"CMJ 1",5.486,78.9,282.8,361.7
"CMJ 1",5.488,78.7,280.6,359.3
"CMJ 1",5.49,78.3,281.1,359.4
"CMJ 1",5.492,78.5,279.5,358
"CMJ 1",5.494,77.9,280,357.9
"CMJ 1",5.496,78.6,281.7,360.3
"CMJ 1",5.498,77.6,282.8,360.4
"CMJ 1",5.5,77.6,284.5,362.1
"CMJ 1",5.502,80,286.7,366.7
"CMJ 1",5.504,79.2,288.4,367.6
"CMJ 1",5.506,81.6,288.4,370
"CMJ 1",5.508,79.8,291.8,371.6
"CMJ 1",5.51,81.6,295.1,376.7
"CMJ 1",5.512,83.5,300.1,383.6
"CMJ 1",5.514,84.5,305.1,389.6
"CMJ 1",5.516,86.6,309,395.6
"CMJ 1",5.518,87.4,316.2,403.6
"CMJ 1",5.52,90.6,320.7,411.3
"CMJ 1",5.522,92,325.1,417.1
"CMJ 1",5.524,96.6,329.6,426.2
"CMJ 1",5.526,97.3,334.6,431.9
"CMJ 1",5.528,102.7,346.8,449.5
"CMJ 1",5.53,112.4,353.5,465.9
"CMJ 1",5.532,117.1,357.4,474.5
"CMJ 1",5.534,117.9,364,481.9
"CMJ 1",5.536,120.1,367.9,488
"CMJ 1",5.538,125.3,376.3,501.6
"CMJ 1",5.54,129.7,381.8,511.5
"CMJ 1",5.542,130,385.7,515.7
"CMJ 1",5.544,131.9,392.9,524.8
"CMJ 1",5.546,135.4,396.8,532.2
"CMJ 1",5.548,142.2,402.9,545.1
"CMJ 1",5.55,144.1,409.6,553.7
"CMJ 1",5.552,147.2,415.7,562.9
"CMJ 1",5.554,151.3,420.7,572
"CMJ 1",5.556,155.1,428.5,583.6
"CMJ 1",5.558,158.3,436.8,595.1
"CMJ 1",5.56,158.1,443.4,601.5
"CMJ 1",5.562,159.8,447.3,607.1
"CMJ 1",5.564,161.4,455.7,617.1
"CMJ 1",5.566,164,462.3,626.3
"CMJ 1",5.568,167.2,471.2,638.4
"CMJ 1",5.57,171.1,477.9,649
"CMJ 1",5.572,172.9,485.1,658
"CMJ 1",5.574,176.6,491.8,668.4
"CMJ 1",5.576,177.7,497.9,675.6
"CMJ 1",5.578,179,507.3,686.3
"CMJ 1",5.58,183.9,514,697.9
"CMJ 1",5.582,186,519.5,705.5
"CMJ 1",5.584,187.7,525.6,713.3
"CMJ 1",5.586,191.4,534,725.4
"CMJ 1",5.588,193.4,540.6,734
"CMJ 1",5.59,196.7,545.6,742.3
"CMJ 1",5.592,200.1,553.4,753.5
"CMJ 1",5.594,202.9,559,761.9
"CMJ 1",5.596,205.3,565.1,770.4
"CMJ 1",5.598,207.8,572.3,780.1
"CMJ 1",5.6,209.3,577.3,786.6
"CMJ 1",5.602,212.1,583.4,795.5
"CMJ 1",5.604,215.8,589.5,805.3
"CMJ 1",5.606,215,593.4,808.4
"CMJ 1",5.608,218.2,599.5,817.7
"CMJ 1",5.61,220.7,607.3,828
"CMJ 1",5.612,223.5,617.3,840.8
"CMJ 1",5.614,226.1,623.9,850
"CMJ 1",5.616,227.1,631.1,858.2
"CMJ 1",5.618,230.2,636.1,866.3
"CMJ 1",5.62,230.7,637.8,868.5
"CMJ 1",5.622,232,645.6,877.6
"CMJ 1",5.624,231.2,649.5,880.7
"CMJ 1",5.626,233.3,654.5,887.8
"CMJ 1",5.628,232.8,658.3,891.1
"CMJ 1",5.63,232.4,662.2,894.6
"CMJ 1",5.632,232.3,665,897.3
"CMJ 1",5.634,232.4,667.8,900.2
"CMJ 1",5.636,231.8,668.9,900.7
"CMJ 1",5.638,231.8,672.8,904.6
"CMJ 1",5.64,230.4,673.9,904.3
"CMJ 1",5.642,227.7,676.7,904.4
"CMJ 1",5.644,227.1,676.7,903.8
"CMJ 1",5.646,225,677.8,902.8
"CMJ 1",5.648,222.2,678.3,900.5
"CMJ 1",5.65,220.1,678.9,899
"CMJ 1",5.652,218.1,679.4,897.5
"CMJ 1",5.654,215.7,676.6,892.3
"CMJ 1",5.656,213.5,677.2,890.7
"CMJ 1",5.658,212.7,676.7,889.4
"CMJ 1",5.66,209.5,677.2,886.7
"CMJ 1",5.662,209.1,673.9,883
"CMJ 1",5.664,205,673.3,878.3
"CMJ 1",5.666,202.3,671.1,873.4
"CMJ 1",5.668,202,670.5,872.5
"CMJ 1",5.67,199.6,667.2,866.8
"CMJ 1",5.672,196,664.4,860.4
"CMJ 1",5.674,195,662.7,857.7
"CMJ 1",5.676,193.2,656.6,849.8
"CMJ 1",5.678,192.1,656.1,848.2
"CMJ 1",5.68,191.6,651.1,842.7
"CMJ 1",5.682,188.8,647.2,836
"CMJ 1",5.684,186.6,643.3,829.9
"CMJ 1",5.686,186.9,639.9,826.8
"CMJ 1",5.688,184.1,635.5,819.6
"CMJ 1",5.69,184.2,630.5,814.7
"CMJ 1",5.692,182.4,625.5,807.9
"CMJ 1",5.694,182.6,622.1,804.7
"CMJ 1",5.696,181.1,614.9,796
"CMJ 1",5.698,178.9,607.7,786.6
"CMJ 1",5.7,179.7,602.1,781.8
"CMJ 1",5.702,179.5,594.9,774.4
"CMJ 1",5.704,178.4,590.5,768.9
"CMJ 1",5.706,177.1,584.9,762
"CMJ 1",5.708,178,579.4,757.4
"CMJ 1",5.71,177,574.9,751.9
"CMJ 1",5.712,177,570.5,747.5
"CMJ 1",5.714,175.5,562.7,738.2
"CMJ 1",5.716,176.9,558.3,735.2
"CMJ 1",5.718,176.8,555.5,732.3
"CMJ 1",5.72,176.8,549.4,726.2
"CMJ 1",5.722,176.8,542.1,718.9
"CMJ 1",5.724,176.3,538.2,714.5
"CMJ 1",5.726,176.9,531.6,708.5
"CMJ 1",5.728,177.8,528.8,706.6
"CMJ 1",5.73,177.6,521.6,699.2
"CMJ 1",5.732,178,517.7,695.7
"CMJ 1",5.734,177.8,511.6,689.4
"CMJ 1",5.736,178.6,506.6,685.2
"CMJ 1",5.738,177.3,500.5,677.8
"CMJ 1",5.74,178.6,496.6,675.2
"CMJ 1",5.742,177.6,490,667.6
"CMJ 1",5.744,180,486.6,666.6
"CMJ 1",5.746,178.3,482.2,660.5
"CMJ 1",5.748,179.8,477.2,657
"CMJ 1",5.75,179.9,470.5,650.4
"CMJ 1",5.752,180.3,467.8,648.1
"CMJ 1",5.754,182,462.8,644.8
"CMJ 1",5.756,183.8,460,643.8
"CMJ 1",5.758,186.6,455,641.6
"CMJ 1",5.76,187.7,451.7,639.4
"CMJ 1",5.762,190.1,446.7,636.8
"CMJ 1",5.764,191.6,442.2,633.8
"CMJ 1",5.766,193.9,440,633.9
"CMJ 1",5.768,197.4,439.5,636.9
"CMJ 1",5.77,198.1,434.5,632.6
"CMJ 1",5.772,201,432.2,633.2
"CMJ 1",5.774,204.6,430,634.6
"CMJ 1",5.776,205.9,428.3,634.2
"CMJ 1",5.778,210.1,427.8,637.9
"CMJ 1",5.78,212.1,427.8,639.9
"CMJ 1",5.782,218.2,422.8,641
"CMJ 1",5.784,221,423.4,644.4
"CMJ 1",5.786,224.1,421.1,645.2
"CMJ 1",5.788,226.1,421.1,647.2
"CMJ 1",5.79,228.6,422.2,650.8
"CMJ 1",5.792,231,421.1,652.1
"CMJ 1",5.794,236.6,421.1,657.7
"CMJ 1",5.796,238.4,421.7,660.1
"CMJ 1",5.798,243.4,423.9,667.3
"CMJ 1",5.8,246.2,423.3,669.5
"CMJ 1",5.802,248.7,424.4,673.1
"CMJ 1",5.804,252.5,422.2,674.7
"CMJ 1",5.806,255.6,423.3,678.9
"CMJ 1",5.808,260.2,425,685.2
"CMJ 1",5.81,263.1,425.6,688.7
"CMJ 1",5.812,266.5,426.1,692.6
"CMJ 1",5.814,269.3,426.7,696
"CMJ 1",5.816,271.8,426.1,697.9
"CMJ 1",5.818,276.1,428.3,704.4
"CMJ 1",5.82,280.9,427.8,708.7
"CMJ 1",5.822,282.6,428.9,711.5
"CMJ 1",5.824,286,428.3,714.3
"CMJ 1",5.826,290.5,430,720.5
"CMJ 1",5.828,292,430.5,722.5
"CMJ 1",5.83,297.4,430.5,727.9
"CMJ 1",5.832,300.5,432.8,733.3
"CMJ 1",5.834,302.7,432.2,734.9
"CMJ 1",5.836,305.4,433.9,739.3
"CMJ 1",5.838,307.2,435,742.2
"CMJ 1",5.84,310.6,435.5,746.1
"CMJ 1",5.842,313.6,435,748.6
"CMJ 1",5.844,316,434.4,750.4
"CMJ 1",5.846,319,435,754
"CMJ 1",5.848,322.2,437.2,759.4
"CMJ 1",5.85,323.9,437.7,761.6
"CMJ 1",5.852,327.8,438.3,766.1
"CMJ 1",5.854,329.7,440,769.7
"CMJ 1",5.856,333.2,437.2,770.4
"CMJ 1",5.858,335.5,441.1,776.6
"CMJ 1",5.86,338,440.5,778.5
"CMJ 1",5.862,339.8,440,779.8
"CMJ 1",5.864,341.9,441.1,783
"CMJ 1",5.866,345.2,441.1,786.3
"CMJ 1",5.868,348.2,445,793.2
"CMJ 1",5.87,349.9,443.3,793.2
"CMJ 1",5.872,351.4,442.7,794.1
"CMJ 1",5.874,355.5,442.2,797.7
"CMJ 1",5.876,357.2,443.9,801.1
"CMJ 1",5.878,360.1,444.4,804.5
"CMJ 1",5.88,360.8,443.3,804.1
"CMJ 1",5.882,364.4,441.1,805.5
"CMJ 1",5.884,367.4,441.6,809
"CMJ 1",5.886,368.7,440,808.7
"CMJ 1",5.888,370.2,439.4,809.6
"CMJ 1",5.89,372,437.7,809.7
"CMJ 1",5.892,375.5,437.2,812.7
"CMJ 1",5.894,377.8,433.8,811.6
"CMJ 1",5.896,379.2,432.7,811.9
"CMJ 1",5.898,382.7,430.5,813.2
"CMJ 1",5.9,383.6,428.8,812.4
"CMJ 1",5.902,385.7,426.1,811.8
"CMJ 1",5.904,386.8,421.1,807.9
"CMJ 1",5.906,388.8,419.4,808.2
"CMJ 1",5.908,390.4,418.3,808.7
"CMJ 1",5.91,391.1,414.4,805.5
"CMJ 1",5.912,391.4,410.5,801.9
"CMJ 1",5.914,392.6,408.8,801.4
"CMJ 1",5.916,392.1,405.5,797.6
"CMJ 1",5.918,395.5,401.6,797.1
"CMJ 1",5.92,395.7,399.4,795.1
"CMJ 1",5.922,396,396.6,792.6
"CMJ 1",5.924,395.6,393.8,789.4
"CMJ 1",5.926,394.2,387.7,781.9
"CMJ 1",5.928,396.9,387.2,784.1
"CMJ 1",5.93,395.3,381,776.3
"CMJ 1",5.932,395.8,377.7,773.5
"CMJ 1",5.934,395.7,374.4,770.1
"CMJ 1",5.936,395.4,371.6,767
"CMJ 1",5.938,396.6,366.1,762.7
"CMJ 1",5.94,396.1,363.8,759.9
"CMJ 1",5.942,396.5,356.6,753.1
"CMJ 1",5.944,397.3,355,752.3
"CMJ 1",5.946,398,351.6,749.6
"CMJ 1",5.948,398.6,350.5,749.1
"CMJ 1",5.95,396.9,345.5,742.4
"CMJ 1",5.952,397.4,336.1,733.5
"CMJ 1",5.954,398.3,335,733.3
"CMJ 1",5.956,398.9,330.5,729.4
"CMJ 1",5.958,399.7,328.3,728
"CMJ 1",5.96,400.1,325,725.1
"CMJ 1",5.962,399.7,321.6,721.3
"CMJ 1",5.964,399.8,317.7,717.5
"CMJ 1",5.966,399.2,315,714.2
"CMJ 1",5.968,401,311.6,712.6
"CMJ 1",5.97,403.3,307.2,710.5
"CMJ 1",5.972,403.3,305,708.3
"CMJ 1",5.974,402.5,302.2,704.7
"CMJ 1",5.976,404.7,300,704.7
"CMJ 1",5.978,406.1,298.9,705
"CMJ 1",5.98,404.8,295,699.8
"CMJ 1",5.982,407,289.4,696.4
"CMJ 1",5.984,406.1,287.2,693.3
"CMJ 1",5.986,407,285.5,692.5
"CMJ 1",5.988,408.4,281.1,689.5
"CMJ 1",5.99,408.8,280.6,689.4
"CMJ 1",5.992,408.9,276.1,685
"CMJ 1",5.994,410.3,274.5,684.8
"CMJ 1",5.996,411.7,271.1,682.8
"CMJ 1",5.998,413.5,268.4,681.9
"CMJ 1",6,414.4,265.6,680
"CMJ 1",6.002,417.5,263.4,680.9
"CMJ 1",6.004,416.2,256.7,672.9
"CMJ 1",6.006,415.9,253.9,669.8
"CMJ 1",6.008,419.5,251.2,670.7
"CMJ 1",6.01,419.7,248.9,668.6
"CMJ 1",6.012,422.9,246.2,669.1
"CMJ 1",6.014,424.9,244.5,669.4
"CMJ 1",6.016,426.8,242.8,669.6
"CMJ 1",6.018,429,240.6,669.6
"CMJ 1",6.02,430.3,239,669.3
"CMJ 1",6.022,431.1,237.3,668.4
"CMJ 1",6.024,432.3,234.5,666.8
"CMJ 1",6.026,435.6,233.4,669
"CMJ 1",6.028,437.5,231.8,669.3
"CMJ 1",6.03,441.6,229,670.6
"CMJ 1",6.032,443.5,227.9,671.4
"CMJ 1",6.034,446.7,227.9,674.6
"CMJ 1",6.036,452.6,221.8,674.4
"CMJ 1",6.038,456.2,222.9,679.1
"CMJ 1",6.04,459.2,220.7,679.9
"CMJ 1",6.042,462.9,220.1,683
"CMJ 1",6.044,465.6,217.3,682.9
"CMJ 1",6.046,467.8,214.6,682.4
"CMJ 1",6.048,471.8,215.7,687.5
"CMJ 1",6.05,474.3,211.8,686.1
"CMJ 1",6.052,477.8,209,686.8
"CMJ 1",6.054,481.4,207.4,688.8
"CMJ 1",6.056,485.4,206.2,691.6
"CMJ 1",6.058,487.2,205.1,692.3
"CMJ 1",6.06,492.4,203.5,695.9
"CMJ 1",6.062,494.9,200.7,695.6
"CMJ 1",6.064,500,199.6,699.6
"CMJ 1",6.066,505,196.8,701.8
"CMJ 1",6.068,507.9,196.3,704.2
"CMJ 1",6.07,513.8,192.4,706.2
"CMJ 1",6.072,515.9,194.6,710.5
"CMJ 1",6.074,521.1,191.8,712.9
"CMJ 1",6.076,526,189.1,715.1
"CMJ 1",6.078,530.1,186.3,716.4
"CMJ 1",6.08,535.7,188.5,724.2
"CMJ 1",6.082,540,185.2,725.2
"CMJ 1",6.084,544,183,727
"CMJ 1",6.086,548.8,183,731.8
"CMJ 1",6.088,552.9,183,735.9
"CMJ 1",6.09,557.5,180.7,738.2
"CMJ 1",6.092,561.7,180.2,741.9
"CMJ 1",6.094,566.5,179.1,745.6
"CMJ 1",6.096,570.5,177.4,747.9
"CMJ 1",6.098,573.8,178.5,752.3
"CMJ 1",6.1,577.8,178.5,756.3
"CMJ 1",6.102,581.3,175.2,756.5
"CMJ 1",6.104,584.4,173,757.4
"CMJ 1",6.106,588,173,761
"CMJ 1",6.108,592.6,173.5,766.1
"CMJ 1",6.11,594.9,173.5,768.4
"CMJ 1",6.112,599,171.9,770.9
"CMJ 1",6.114,600.1,170.8,770.9
"CMJ 1",6.116,602.6,170.2,772.8
"CMJ 1",6.118,607.3,166.9,774.2
"CMJ 1",6.12,610,167.4,777.4
"CMJ 1",6.122,615.8,163.6,779.4
"CMJ 1",6.124,619.2,161.3,780.5
"CMJ 1",6.126,621.9,160.8,782.7
"CMJ 1",6.128,623.3,158.6,781.9
"CMJ 1",6.13,625.8,156.9,782.7
"CMJ 1",6.132,628.8,154.1,782.9
"CMJ 1",6.134,630.6,153.6,784.2
"CMJ 1",6.136,633.4,149.1,782.5
"CMJ 1",6.138,634.9,147.5,782.4
"CMJ 1",6.14,637.1,146.4,783.5
"CMJ 1",6.142,638.6,143,781.6
"CMJ 1",6.144,640.9,141.4,782.3
"CMJ 1",6.146,642.7,137.5,780.2
"CMJ 1",6.148,643.2,136.4,779.6
"CMJ 1",6.15,644.9,131.9,776.8
"CMJ 1",6.152,646.3,130.3,776.6
"CMJ 1",6.154,646.4,127.5,773.9
"CMJ 1",6.156,647.7,125.8,773.5
"CMJ 1",6.158,648.2,123.6,771.8
"CMJ 1",6.16,647.9,120.9,768.8
"CMJ 1",6.162,648.9,115.9,764.8
"CMJ 1",6.164,650.2,112.5,762.7
"CMJ 1",6.166,651.9,110.9,762.8
"CMJ 1",6.168,651.1,106.4,757.5
"CMJ 1",6.17,652.1,106.4,758.5
"CMJ 1",6.172,651.7,99.2,750.9
"CMJ 1",6.174,652.1,98.1,750.2
"CMJ 1",6.176,652.2,94.2,746.4
"CMJ 1",6.178,649.6,92.5,742.1
"CMJ 1",6.18,651.4,89.8,741.2
"CMJ 1",6.182,650.3,85.9,736.2
"CMJ 1",6.184,649.9,83.1,733
"CMJ 1",6.186,647.7,77,724.7
"CMJ 1",6.188,648.2,74.8,723
"CMJ 1",6.19,647,72.6,719.6
"CMJ 1",6.192,647.1,67.6,714.7
"CMJ 1",6.194,645.3,64.8,710.1
"CMJ 1",6.196,646.7,59.8,706.5
"CMJ 1",6.198,645.3,55.9,701.2
"CMJ 1",6.2,644.4,55.4,699.8
"CMJ 1",6.202,646,50.4,696.4
"CMJ 1",6.204,644.3,47,691.3
"CMJ 1",6.206,643.8,39.8,683.6
"CMJ 1",6.208,641,37.6,678.6
"CMJ 1",6.21,641.9,32.1,674
"CMJ 1",6.212,640.2,29.3,669.5
"CMJ 1",6.214,639.3,27.6,666.9
"CMJ 1",6.216,639.1,23.7,662.8
"CMJ 1",6.218,639.2,21.5,660.7
"CMJ 1",6.22,637.7,17.7,655.4
"CMJ 1",6.222,636.6,13.2,649.8
"CMJ 1",6.224,636.5,11.5,648
"CMJ 1",6.226,636.1,8.2,644.3
"CMJ 1",6.228,635.2,5.4,640.6
"CMJ 1",6.23,635.2,0,635.2
"CMJ 1",6.232,635.8,0,635.8
"CMJ 1",6.234,633.3,0,633.3
"CMJ 1",6.236,634.3,0,634.3
"CMJ 1",6.238,632.4,0,632.4
"CMJ 1",6.24,632.1,0,632.1
"CMJ 1",6.242,631.8,0,631.8
"CMJ 1",6.244,632.3,0,632.3
"CMJ 1",6.246,632.7,0,632.7
"CMJ 1",6.248,632.7,0,632.7
"CMJ 1",6.25,631.3,0,631.3
"CMJ 1",6.252,630.9,0,630.9
"CMJ 1",6.254,632.3,0,632.3
"CMJ 1",6.256,632.7,0,632.7
"CMJ 1",6.258,632.7,0,632.7
"CMJ 1",6.26,632.1,0,632.1
"CMJ 1",6.262,632.6,0,632.6
"CMJ 1",6.264,633.5,0,633.5
"CMJ 1",6.266,631.7,0,631.7
"CMJ 1",6.268,632.7,0,632.7
"CMJ 1",6.27,633.5,0,633.5
"CMJ 1",6.272,632.7,0,632.7
"CMJ 1",6.274,632.5,0,632.5
"CMJ 1",6.276,633,0,633
"CMJ 1",6.278,631.4,0,631.4
"CMJ 1",6.28,632.6,0,632.6
"CMJ 1",6.282,630.9,0,630.9
"CMJ 1",6.284,632.6,0,632.6
"CMJ 1",6.286,632,0,632
"CMJ 1",6.288,632.1,0,632.1
"CMJ 1",6.29,631.8,0,631.8
"CMJ 1",6.292,632.2,0,632.2
"CMJ 1",6.294,631.2,0,631.2
"CMJ 1",6.296,630.3,0,630.3
"CMJ 1",6.298,631.7,0,631.7
"CMJ 1",6.3,630.2,0,630.2
"CMJ 1",6.302,629.1,0,629.1
"CMJ 1",6.304,628.8,0,628.8
"CMJ 1",6.306,628.1,0,628.1
"CMJ 1",6.308,627.8,0,627.8
"CMJ 1",6.31,627,0,627
"CMJ 1",6.312,626.3,0,626.3
"CMJ 1",6.314,627.5,0,627.5
"CMJ 1",6.316,627.1,0,627.1
"CMJ 1",6.318,625.8,0,625.8
"CMJ 1",6.32,626.5,0,626.5
"CMJ 1",6.322,624.4,0,624.4
"CMJ 1",6.324,624.3,0,624.3
"CMJ 1",6.326,621.6,0,621.6
"CMJ 1",6.328,621,0,621
"CMJ 1",6.33,621.3,0,621.3
"CMJ 1",6.332,619.9,0,619.9
"CMJ 1",6.334,618.9,0,618.9
"CMJ 1",6.336,617.1,0,617.1
"CMJ 1",6.338,616.7,0,616.7
"CMJ 1",6.34,615.2,0,615.2
"CMJ 1",6.342,617,0,617
"CMJ 1",6.344,615.9,0,615.9
"CMJ 1",6.346,614.4,0,614.4
"CMJ 1",6.348,615.9,0,615.9
"CMJ 1",6.35,615.5,0,615.5
"CMJ 1",6.352,616.7,0,616.7
"CMJ 1",6.354,618.6,0,618.6
"CMJ 1",6.356,617.8,0,617.8
"CMJ 1",6.358,620.1,0,620.1
"CMJ 1",6.36,620.8,0,620.8
"CMJ 1",6.362,622.2,0,622.2
"CMJ 1",6.364,622.7,0,622.7
"CMJ 1",6.366,623.3,0,623.3
"CMJ 1",6.368,625.1,0,625.1
"CMJ 1",6.37,626.7,0,626.7
"CMJ 1",6.372,627.5,0,627.5
"CMJ 1",6.374,626.7,0,626.7
"CMJ 1",6.376,631.3,0,631.3
"CMJ 1",6.378,632.8,0,632.8
"CMJ 1",6.38,633.2,0,633.2
"CMJ 1",6.382,633.5,0,633.5
"CMJ 1",6.384,635.4,0,635.4
"CMJ 1",6.386,638,0,638
"CMJ 1",6.388,637.2,0,637.2
"CMJ 1",6.39,639.4,6.6,646
"CMJ 1",6.392,642.4,58.3,700.7
"CMJ 1",6.394,641.9,101.6,743.5
"CMJ 1",6.396,645.7,103.8,749.5
"CMJ 1",6.398,650.8,55.9,706.7
"CMJ 1",6.4,648.7,21,669.7
"CMJ 1",6.402,645.9,26,671.9
"CMJ 1",6.404,645.8,45,690.8
"CMJ 1",6.406,651.6,58.8,710.4
"CMJ 1",6.408,652.1,56.6,708.7
"CMJ 1",6.41,646.6,63.2,709.8
"CMJ 1",6.412,645.7,80.5,726.2
"CMJ 1",6.414,647.2,101,748.2
"CMJ 1",6.416,650,100.4,750.4
"CMJ 1",6.418,646.3,88.8,735.1
"CMJ 1",6.42,643.7,85.5,729.2
"CMJ 1",6.422,644.2,98.8,743
"CMJ 1",6.424,643.6,120.5,764.1
"CMJ 1",6.426,643.8,127.7,771.5
"CMJ 1",6.428,642.8,125.4,768.2
"CMJ 1",6.43,642.1,123.2,765.3
"CMJ 1",6.432,642.7,133.8,776.5
"CMJ 1",6.434,641.8,143.8,785.6
"CMJ 1",6.436,641.7,152.1,793.8
"CMJ 1",6.438,640.3,152.7,793
"CMJ 1",6.44,638.9,168.3,807.2
"CMJ 1",6.442,638.7,187.7,826.4
"CMJ 1",6.444,637.9,208.9,846.8
"CMJ 1",6.446,636,230,866
"CMJ 1",6.448,633.2,243.4,876.6
"CMJ 1",6.45,630.9,258.4,889.3
"CMJ 1",6.452,629.4,276.2,905.6
"CMJ 1",6.454,625.5,301.8,927.3
"CMJ 1",6.456,622,326.2,948.2
"CMJ 1",6.458,618.9,336.8,955.7
"CMJ 1",6.46,613.1,345.7,958.8
"CMJ 1",6.462,601.2,360.7,961.9
"CMJ 1",6.464,595.5,365.6,961.1
"CMJ 1",6.466,588.6,370.6,959.2
"CMJ 2",0.002,95.5,682.1,777.6
"CMJ 2",0.004,101.1,680.4,781.5
"CMJ 2",0.006,106.2,676,782.2
"CMJ 2",0.008,112.3,676,788.3
"CMJ 2",0.01,117.5,672.7,790.2
"CMJ 2",0.012,122.1,672.1,794.2
"CMJ 2",0.014,127,666.6,793.6
"CMJ 2",0.016,133.6,664.4,798
"CMJ 2",0.018,139.6,662.7,802.3
"CMJ 2",0.02,146.6,660.5,807.1
"CMJ 2",0.022,150.8,656.6,807.4
"CMJ 2",0.024,155,653.8,808.8
"CMJ 2",0.026,160.7,648.8,809.5
"CMJ 2",0.028,165.5,646.1,811.6
"CMJ 2",0.03,171.1,642.8,813.9
"CMJ 2",0.032,176.6,638.3,814.9
"CMJ 2",0.034,181.6,636.1,817.7
"CMJ 2",0.036,188.3,633.9,822.2
"CMJ 2",0.038,193.6,628.9,822.5
"CMJ 2",0.04,201.6,627.2,828.8
"CMJ 2",0.042,206.1,622.8,828.9
"CMJ 2",0.044,210.8,617.8,828.6
"CMJ 2",0.046,217.1,613.4,830.5
"CMJ 2",0.048,223.8,607.2,831
"CMJ 2",0.05,229.3,605.6,834.9
"CMJ 2",0.052,235.5,599.5,835
"CMJ 2",0.054,241.8,596.1,837.9
"CMJ 2",0.056,248.2,592.3,840.5
"CMJ 2",0.058,254.4,585.1,839.5
"CMJ 2",0.06,260.7,581.7,842.4
"CMJ 2",0.062,264.8,574.5,839.3
"CMJ 2",0.064,269.9,570.1,840
"CMJ 2",0.066,277.6,562.9,840.5
"CMJ 2",0.068,285.1,555.6,840.7
"CMJ 2",0.07,289.2,549,838.2
"CMJ 2",0.072,294.7,542.9,837.6
"CMJ 2",0.074,303.8,536.2,840
"CMJ 2",0.076,307.4,530.1,837.5
"CMJ 2",0.078,314.7,522.4,837.1
"CMJ 2",0.08,320.1,516.8,836.9
"CMJ 2",0.082,323.9,509.6,833.5
"CMJ 2",0.084,331.2,494.1,825.3
"CMJ 2",0.086,333.3,488,821.3
"CMJ 2",0.088,336.7,481.3,818
"CMJ 2",0.09,338.3,474.7,813
"CMJ 2",0.092,340.3,466.3,806.6
"CMJ 2",0.094,341.2,461.3,802.5
"CMJ 2",0.096,342.8,453.6,796.4
"CMJ 2",0.098,344.1,446.4,790.5
"CMJ 2",0.1,342.1,441.4,783.5
"CMJ 2",0.102,345.7,434.2,779.9
"CMJ 2",0.104,343.9,428.1,772
"CMJ 2",0.106,345.4,420.3,765.7
"CMJ 2",0.108,344.8,413.1,757.9
"CMJ 2",0.11,343.9,410.9,754.8
"CMJ 2",0.112,343.5,404.2,747.7
"CMJ 2",0.114,343.9,398.7,742.6
"CMJ 2",0.116,342.6,392.6,735.2
"CMJ 2",0.118,343.2,387.6,730.8
"CMJ 2",0.12,343.2,385.4,728.6
"CMJ 2",0.122,342.9,380.9,723.8
"CMJ 2",0.124,342.3,372.1,714.4
"CMJ 2",0.126,343.4,369.3,712.7
"CMJ 2",0.128,339.8,364.8,704.6
"CMJ 2",0.13,342.8,362.6,705.4
"CMJ 2",0.132,340.4,357.1,697.5
"CMJ 2",0.134,339.6,353.2,692.8
"CMJ 2",0.136,340.8,348.2,689
"CMJ 2",0.138,340.3,346,686.3
"CMJ 2",0.14,340.4,342.7,683.1
"CMJ 2",0.142,340.9,339.9,680.8
"CMJ 2",0.144,341.7,336,677.7
"CMJ 2",0.146,341.9,333.8,675.7
"CMJ 2",0.148,344.6,331,675.6
"CMJ 2",0.15,345.2,328.8,674
"CMJ 2",0.152,344.2,326,670.2
"CMJ 2",0.154,346.7,325.5,672.2
"CMJ 2",0.156,347,322.2,669.2
"CMJ 2",0.158,348.9,320,668.9
"CMJ 2",0.16,348.9,318.3,667.2
"CMJ 2",0.162,353.4,315,668.4
"CMJ 2",0.164,353.7,312.8,666.5
"CMJ 2",0.166,355.7,311.6,667.3
"CMJ 2",0.168,357,310,667
"CMJ 2",0.17,358.5,309.4,667.9
"CMJ 2",0.172,361,308.9,669.9
"CMJ 2",0.174,360.9,306.7,667.6
"CMJ 2",0.176,361.8,306.7,668.5
"CMJ 2",0.178,364.4,303.3,667.7
"CMJ 2",0.18,365.9,306.7,672.6
"CMJ 2",0.182,366.2,303.3,669.5
"CMJ 2",0.184,368.6,303.3,671.9
"CMJ 2",0.186,370.9,301.7,672.6
"CMJ 2",0.188,373,301.1,674.1
"CMJ 2",0.19,373.6,300.6,674.2
"CMJ 2",0.192,375,300.6,675.6
"CMJ 2",0.194,376.8,298.9,675.7
"CMJ 2",0.196,377.6,298.9,676.5
"CMJ 2",0.198,379.4,296.7,676.1
"CMJ 2",0.2,381.2,298.9,680.1
"CMJ 2",0.202,383.9,298.4,682.3
"CMJ 2",0.204,386.6,297.8,684.4
"CMJ 2",0.206,386.8,296.7,683.5
"CMJ 2",0.208,386.7,294.5,681.2
"CMJ 2",0.21,389,295,684
"CMJ 2",0.212,391.4,293.9,685.3
"CMJ 2",0.214,391.3,292.3,683.6
"CMJ 2",0.216,391.5,293.9,685.4
"CMJ 2",0.218,392.9,294.5,687.4
"CMJ 2",0.22,394.5,293.4,687.9
"CMJ 2",0.222,395.4,294.5,689.9
"CMJ 2",0.224,396.3,291.2,687.5
"CMJ 2",0.226,396,291.7,687.7
"CMJ 2",0.228,398.3,292.8,691.1
"CMJ 2",0.23,396.9,292.3,689.2
"CMJ 2",0.232,398.4,291.7,690.1
"CMJ 2",0.234,397.3,292.3,689.6
"CMJ 2",0.236,398.7,292.3,691
"CMJ 2",0.238,400,291.2,691.2
"CMJ 2",0.24,399,289,688
"CMJ 2",0.242,399.6,290.1,689.7
"CMJ 2",0.244,400.4,289,689.4
"CMJ 2",0.246,400.1,290.1,690.2
"CMJ 2",0.248,399.9,289.5,689.4
"CMJ 2",0.25,400.4,289.5,689.9
"CMJ 2",0.252,400.5,287.3,687.8
"CMJ 2",0.254,400.3,289.5,689.8
"CMJ 2",0.256,400.7,287.9,688.6
"CMJ 2",0.258,400.1,290.6,690.7
"CMJ 2",0.26,402.3,288.4,690.7
"CMJ 2",0.262,403.1,289,692.1
"CMJ 2",0.264,401.3,288.4,689.7
"CMJ 2",0.266,401.9,289.5,691.4
"CMJ 2",0.268,402.3,289,691.3
"CMJ 2",0.27,402.5,291.8,694.3
"CMJ 2",0.272,402.6,291.2,693.8
"CMJ 2",0.274,402.8,291.2,694
"CMJ 2",0.276,403.7,291.2,694.9
"CMJ 2",0.278,404.6,291.2,695.8
"CMJ 2",0.28,405.2,293.4,698.6
"CMJ 2",0.282,404.5,292.9,697.4
"CMJ 2",0.284,405.9,291.8,697.7
"CMJ 2",0.286,407.5,293.4,700.9
"CMJ 2",0.288,405.6,292.9,698.5
"CMJ 2",0.29,406.2,292.9,699.1
"CMJ 2",0.292,405.8,293.4,699.2
"CMJ 2",0.294,407,295.6,702.6
"CMJ 2",0.296,407.4,295.1,702.5
"CMJ 2",0.298,405.9,295.6,701.5
"CMJ 2",0.3,405.5,296.2,701.7
"CMJ 2",0.302,406.6,297.9,704.5
"CMJ 2",0.304,405.6,295.7,701.3
"CMJ 2",0.306,405,297.9,702.9
"CMJ 2",0.308,404.5,295.1,699.6
"CMJ 2",0.31,403.6,297.9,701.5
"CMJ 2",0.312,402.4,296.8,699.2
"CMJ 2",0.314,401.7,297.3,699
"CMJ 2",0.316,401.6,296.8,698.4
"CMJ 2",0.318,400.8,297.9,698.7
"CMJ 2",0.32,399.6,296.8,696.4
"CMJ 2",0.322,398.2,295.1,693.3
"CMJ 2",0.324,397.5,295.7,693.2
"CMJ 2",0.326,397.3,295.1,692.4
"CMJ 2",0.328,395.5,295.1,690.6
"CMJ 2",0.33,394.8,292.9,687.7
"CMJ 2",0.332,391.4,292.3,683.7
"CMJ 2",0.334,391.9,294,685.9
"CMJ 2",0.336,389.5,292.3,681.8
"CMJ 2",0.338,388.5,292.9,681.4
"CMJ 2",0.34,386.4,293.4,679.8
"CMJ 2",0.342,386.6,292.3,678.9
"CMJ 2",0.344,385.4,292.3,677.7
"CMJ 2",0.346,384.6,291.2,675.8
"CMJ 2",0.348,382.8,292.9,675.7
"CMJ 2",0.35,380.8,291.8,672.6
"CMJ 2",0.352,381.3,290.1,671.4
"CMJ 2",0.354,377.8,291.2,669
"CMJ 2",0.356,378.6,292.3,670.9
"CMJ 2",0.358,377.5,291.8,669.3
"CMJ 2",0.36,376.8,294,670.8
"CMJ 2",0.362,374.5,294.5,669
"CMJ 2",0.364,374,294.5,668.5
"CMJ 2",0.366,372.9,295.6,668.5
"CMJ 2",0.368,373.4,296.2,669.6
"CMJ 2",0.37,372,297.3,669.3
"CMJ 2",0.372,370.5,299.5,670
"CMJ 2",0.374,370.3,298.4,668.7
"CMJ 2",0.376,370.9,299.5,670.4
"CMJ 2",0.378,368.8,299.5,668.3
"CMJ 2",0.38,368,302.9,670.9
"CMJ 2",0.382,367.7,302.8,670.5
"CMJ 2",0.384,367.9,302.3,670.2
"CMJ 2",0.386,365.4,302.8,668.2
"CMJ 2",0.388,366.2,305.6,671.8
"CMJ 2",0.39,365.6,306.2,671.8
"CMJ 2",0.392,362.1,308.4,670.5
"CMJ 2",0.394,360.4,307.3,667.7
"CMJ 2",0.396,359.7,311.2,670.9
"CMJ 2",0.398,359.1,313.9,673
"CMJ 2",0.4,356.5,312.8,669.3
"CMJ 2",0.402,354.4,315,669.4
"CMJ 2",0.404,352.1,314.5,666.6
"CMJ 2",0.406,350.3,313.9,664.2
"CMJ 2",0.408,347.4,314.5,661.9
"CMJ 2",0.41,348,316.1,664.1
"CMJ 2",0.412,345.9,316.1,662
"CMJ 2",0.414,341.1,316.7,657.8
"CMJ 2",0.416,341,317.3,658.3
"CMJ 2",0.418,338.4,316.7,655.1
"CMJ 2",0.42,337.3,318.9,656.2
"CMJ 2",0.422,334.7,319.5,654.2
"CMJ 2",0.424,332.3,317.8,650.1
"CMJ 2",0.426,330,320,650
"CMJ 2",0.428,329.4,316.7,646.1
"CMJ 2",0.43,328,318.9,646.9
"CMJ 2",0.432,328.3,315.6,643.9
"CMJ 2",0.434,327.1,316.7,643.8
"CMJ 2",0.436,325.1,316.7,641.8
"CMJ 2",0.438,323.7,316.1,639.8
"CMJ 2",0.44,324.8,314.5,639.3
"CMJ 2",0.442,324.1,316.7,640.8
"CMJ 2",0.444,323.3,317.2,640.5
"CMJ 2",0.446,322.5,315,637.5
"CMJ 2",0.448,323,315.5,638.5
"CMJ 2",0.45,321.6,315.5,637.1
"CMJ 2",0.452,321.4,316.1,637.5
"CMJ 2",0.454,320.2,317.2,637.4
"CMJ 2",0.456,318.6,316.6,635.2
"CMJ 2",0.458,317.6,318.3,635.9
"CMJ 2",0.46,314.6,319.4,634
"CMJ 2",0.462,311.9,321.1,633
"CMJ 2",0.464,310.9,320,630.9
"CMJ 2",0.466,307.4,323.3,630.7
"CMJ 2",0.468,304.9,323.3,628.2
"CMJ 2",0.47,302.4,325,627.4
"CMJ 2",0.472,300.2,326,626.2
"CMJ 2",0.474,294,327.2,621.2
"CMJ 2",0.476,290,328.8,618.8
"CMJ 2",0.478,287.2,330.5,617.7
"CMJ 2",0.48,283.5,335.5,619
"CMJ 2",0.482,281.5,336,617.5
"CMJ 2",0.484,278.5,337.7,616.2
"CMJ 2",0.486,275.5,337.7,613.2
"CMJ 2",0.488,272.7,342.1,614.8
"CMJ 2",0.49,268.7,344.9,613.6
"CMJ 2",0.492,266.6,346,612.6
"CMJ 2",0.494,264.9,348.8,613.7
"CMJ 2",0.496,261.6,350.4,612
"CMJ 2",0.498,260.5,351.5,612
"CMJ 2",0.5,259,354.3,613.3
"CMJ 2",0.502,256.3,357.1,613.4
"CMJ 2",0.504,253.8,358.2,612
"CMJ 2",0.506,253.8,357.6,611.4
"CMJ 2",0.508,252.4,358.7,611.1
"CMJ 2",0.51,250.8,361,611.8
"CMJ 2",0.512,249.2,361,610.2
"CMJ 2",0.514,248.2,361.5,609.7
"CMJ 2",0.516,247.9,363.7,611.6
"CMJ 2",0.518,246.5,363.2,609.7
"CMJ 2",0.52,248.1,365.9,614
"CMJ 2",0.522,246.8,368.7,615.5
"CMJ 2",0.524,246.2,367.6,613.8
"CMJ 2",0.526,248.1,367.6,615.7
"CMJ 2",0.528,246.9,369.2,616.1
"CMJ 2",0.53,248.8,370.9,619.7
"CMJ 2",0.532,251.1,373.1,624.2
"CMJ 2",0.534,251.7,374.2,625.9
"CMJ 2",0.536,254.8,375.3,630.1
"CMJ 2",0.538,257.3,375.9,633.2
"CMJ 2",0.54,259.7,378.1,637.8
"CMJ 2",0.542,261.5,379.8,641.3
"CMJ 2",0.544,262.4,380.3,642.7
"CMJ 2",0.546,262.7,379.2,641.9
"CMJ 2",0.548,265.8,383.1,648.9
"CMJ 2",0.55,265.3,384.2,649.5
"CMJ 2",0.552,264.8,386.9,651.7
"CMJ 2",0.554,264.5,389.7,654.2
"CMJ 2",0.556,264.6,389.7,654.3
"CMJ 2",0.558,263.6,393.6,657.2
"CMJ 2",0.56,260.7,391.9,652.6
"CMJ 2",0.562,258.1,394.1,652.2
"CMJ 2",0.564,255.3,392.5,647.8
"CMJ 2",0.566,253.5,395.2,648.7
"CMJ 2",0.568,252.4,393,645.4
"CMJ 2",0.57,249,395.8,644.8
"CMJ 2",0.572,247.2,393.6,640.8
"CMJ 2",0.574,242.4,394.1,636.5
"CMJ 2",0.576,240.9,394.1,635
"CMJ 2",0.578,238.4,396.3,634.7
"CMJ 2",0.58,236.4,398,634.4
"CMJ 2",0.582,232.5,396.9,629.4
"CMJ 2",0.584,231.3,397.4,628.7
"CMJ 2",0.586,228.5,398,626.5
"CMJ 2",0.588,227.6,396.3,623.9
"CMJ 2",0.59,222.6,396.8,619.4
"CMJ 2",0.592,221.2,396.3,617.5
"CMJ 2",0.594,219.5,398.5,618
"CMJ 2",0.596,218.8,398.5,617.3
"CMJ 2",0.598,219.1,399,618.1
"CMJ 2",0.6,216.8,400.1,616.9
"CMJ 2",0.602,217.9,401.2,619.1
"CMJ 2",0.604,217.3,400.7,618
"CMJ 2",0.606,215.8,399.6,615.4
"CMJ 2",0.608,214.4,399,613.4
"CMJ 2",0.61,215.5,400.1,615.6
"CMJ 2",0.612,216.5,400.1,616.6
"CMJ 2",0.614,217.1,398.4,615.5
"CMJ 2",0.616,216,399,615
"CMJ 2",0.618,216.7,400.6,617.3
"CMJ 2",0.62,218.1,403.4,621.5
"CMJ 2",0.622,219.8,401.7,621.5
"CMJ 2",0.624,220,401.2,621.2
"CMJ 2",0.626,222.3,402.3,624.6
"CMJ 2",0.628,223.6,402.3,625.9
"CMJ 2",0.63,227.8,403.9,631.7
"CMJ 2",0.632,229.3,403.4,632.7
"CMJ 2",0.634,231.5,403.3,634.8
"CMJ 2",0.636,234,406.1,640.1
"CMJ 2",0.638,234.6,406.1,640.7
"CMJ 2",0.64,236.3,407.2,643.5
"CMJ 2",0.642,237.2,407.2,644.4
"CMJ 2",0.644,238.2,405.6,643.8
"CMJ 2",0.646,239.7,406.7,646.4
"CMJ 2",0.648,240.4,406.1,646.5
"CMJ 2",0.65,240.4,408.3,648.7
"CMJ 2",0.652,238,408.3,646.3
"CMJ 2",0.654,238.5,410,648.5
"CMJ 2",0.656,238.6,410.5,649.1
"CMJ 2",0.658,237.3,409.4,646.7
"CMJ 2",0.66,236.6,412.8,649.4
"CMJ 2",0.662,237.3,412.7,650
"CMJ 2",0.664,234.8,412.2,647
"CMJ 2",0.666,234.1,413.8,647.9
"CMJ 2",0.668,232.9,413.8,646.7
"CMJ 2",0.67,230.5,414.4,644.9
"CMJ 2",0.672,230,414.4,644.4
"CMJ 2",0.674,227.9,414.4,642.3
"CMJ 2",0.676,227.5,413.8,641.3
"CMJ 2",0.678,224.3,414.4,638.7
"CMJ 2",0.68,224.3,415.5,639.8
"CMJ 2",0.682,223.4,413.8,637.2
"CMJ 2",0.684,223.2,416.1,639.3
"CMJ 2",0.686,221.7,414.4,636.1
"CMJ 2",0.688,221.3,417.7,639
"CMJ 2",0.69,221.4,415.5,636.9
"CMJ 2",0.692,222.6,416.6,639.2
"CMJ 2",0.694,222.6,416.6,639.2
"CMJ 2",0.696,223.4,417.7,641.1
"CMJ 2",0.698,223.6,416.6,640.2
"CMJ 2",0.7,225.9,419.4,645.3
"CMJ 2",0.702,227.1,419.9,647
"CMJ 2",0.704,229,418.8,647.8
"CMJ 2",0.706,229.9,418.8,648.7
"CMJ 2",0.708,231.8,418.8,650.6
"CMJ 2",0.71,232.8,418.8,651.6
"CMJ 2",0.712,236.1,419.9,656
"CMJ 2",0.714,236.4,421,657.4
"CMJ 2",0.716,239.1,420.4,659.5
"CMJ 2",0.718,238.6,422.1,660.7
"CMJ 2",0.72,238.7,421,659.7
"CMJ 2",0.722,239.7,422.6,662.3
"CMJ 2",0.724,241.1,423.2,664.3
"CMJ 2",0.726,240.5,424.3,664.8
"CMJ 2",0.728,240.9,423.7,664.6
"CMJ 2",0.73,242.1,427,669.1
"CMJ 2",0.732,242.7,427.6,670.3
"CMJ 2",0.734,243.5,428.7,672.2
"CMJ 2",0.736,244.3,429.3,673.6
"CMJ 2",0.738,243.6,429.3,672.9
"CMJ 2",0.74,244.8,430.4,675.2
"CMJ 2",0.742,245.2,430.4,675.6
"CMJ 2",0.744,245.9,428.7,674.6
"CMJ 2",0.746,246.7,429.8,676.5
"CMJ 2",0.748,245.5,429.8,675.3
"CMJ 2",0.75,245.6,430.3,675.9
"CMJ 2",0.752,245.6,430.9,676.5
"CMJ 2",0.754,244.8,430.9,675.7
"CMJ 2",0.756,243.9,430.3,674.2
"CMJ 2",0.758,245.5,428.7,674.2
"CMJ 2",0.76,244.2,430.9,675.1
"CMJ 2",0.762,242.8,431.4,674.2
"CMJ 2",0.764,242.9,429.2,672.1
"CMJ 2",0.766,241.2,430.3,671.5
"CMJ 2",0.768,241.1,429.8,670.9
"CMJ 2",0.77,239.6,430.3,669.9
"CMJ 2",0.772,239.7,428.1,667.8
"CMJ 2",0.774,239.9,426.5,666.4
"CMJ 2",0.776,239.7,427.6,667.3
"CMJ 2",0.778,239.5,427,666.5
"CMJ 2",0.78,240.8,427,667.8
"CMJ 2",0.782,243.8,426.5,670.3
"CMJ 2",0.784,244.6,425.4,670
"CMJ 2",0.786,248.4,422,670.4
"CMJ 2",0.788,250.2,423.7,673.9
"CMJ 2",0.79,250.8,424.2,675
"CMJ 2",0.792,252.7,421.5,674.2
"CMJ 2",0.794,253.3,421.5,674.8
"CMJ 2",0.796,254.3,421.5,675.8
"CMJ 2",0.798,255,420.4,675.4
"CMJ 2",0.8,255.3,422.6,677.9
"CMJ 2",0.802,257.3,421.5,678.8
"CMJ 2",0.804,256.4,422,678.4
"CMJ 2",0.806,255.7,420.9,676.6
"CMJ 2",0.808,257.4,424.2,681.6
"CMJ 2",0.81,256.5,423.1,679.6
"CMJ 2",0.812,257.6,423.7,681.3
"CMJ 2",0.814,258,425.3,683.3
"CMJ 2",0.816,259.1,425.9,685
"CMJ 2",0.818,258.4,427,685.4
"CMJ 2",0.82,259.6,428.1,687.7
"CMJ 2",0.822,258.1,428.1,686.2
"CMJ 2",0.824,259.3,427.5,686.8
"CMJ 2",0.826,259.6,430.3,689.9
"CMJ 2",0.828,261,429.7,690.7
"CMJ 2",0.83,261,430.8,691.8
"CMJ 2",0.832,262.7,429.7,692.4
"CMJ 2",0.834,261.9,430.3,692.2
"CMJ 2",0.836,262.6,430.3,692.9
"CMJ 2",0.838,263.9,430.3,694.2
"CMJ 2",0.84,264.1,429.7,693.8
"CMJ 2",0.842,264.9,430.3,695.2
"CMJ 2",0.844,266.5,428.1,694.6
"CMJ 2",0.846,265.9,428.1,694
"CMJ 2",0.848,268.5,426.4,694.9
"CMJ 2",0.85,268.3,426.4,694.7
"CMJ 2",0.852,270,425.3,695.3
"CMJ 2",0.854,268.6,425.3,693.9
"CMJ 2",0.856,268.9,423.1,692
"CMJ 2",0.858,268.8,423.6,692.4
"CMJ 2",0.86,268.8,423.1,691.9
"CMJ 2",0.862,269.2,422,691.2
"CMJ 2",0.864,267.2,419.7,686.9
"CMJ 2",0.866,266.6,419.2,685.8
"CMJ 2",0.868,266,417.5,683.5
"CMJ 2",0.87,265.8,417,682.8
"CMJ 2",0.872,264.7,414.2,678.9
"CMJ 2",0.874,263.4,412,675.4
"CMJ 2",0.876,262.9,411.4,674.3
"CMJ 2",0.878,261.8,410.3,672.1
"CMJ 2",0.88,263.5,408.6,672.1
"CMJ 2",0.882,262.2,410.3,672.5
"CMJ 2",0.884,262.7,405.3,668
"CMJ 2",0.886,261.6,405.9,667.5
"CMJ 2",0.888,260.9,404.8,665.7
"CMJ 2",0.89,262.2,403.7,665.9
"CMJ 2",0.892,263.6,402,665.6
"CMJ 2",0.894,262,401.4,663.4
"CMJ 2",0.896,263.6,399.8,663.4
"CMJ 2",0.898,263,398.1,661.1
"CMJ 2",0.9,261.5,397.5,659
"CMJ 2",0.902,262.1,398.1,660.2
"CMJ 2",0.904,262.4,394.8,657.2
"CMJ 2",0.906,260.9,394.8,655.7
"CMJ 2",0.908,261,393.1,654.1
"CMJ 2",0.91,258.5,393.1,651.6
"CMJ 2",0.912,259.8,392.6,652.4
"CMJ 2",0.914,258.8,390.9,649.7
"CMJ 2",0.916,256.4,390.3,646.7
"CMJ 2",0.918,257.5,389.2,646.7
"CMJ 2",0.92,256.5,390.9,647.4
"CMJ 2",0.922,255.5,392,647.5
"CMJ 2",0.924,255.2,388.7,643.9
"CMJ 2",0.926,254.8,391.4,646.2
"CMJ 2",0.928,255,391.4,646.4
"CMJ 2",0.93,254.4,392,646.4
"CMJ 2",0.932,252.9,391.4,644.3
"CMJ 2",0.934,254,392.5,646.5
"CMJ 2",0.936,253.6,391.4,645
"CMJ 2",0.938,250.7,392,642.7
"CMJ 2",0.94,252.1,391.4,643.5
"CMJ 2",0.942,250.3,392.5,642.8
"CMJ 2",0.944,250.1,390.3,640.4
"CMJ 2",0.946,248.7,390.3,639
"CMJ 2",0.948,248.2,393.6,641.8
"CMJ 2",0.95,249,393.1,642.1
"CMJ 2",0.952,250,393.6,643.6
"CMJ 2",0.954,248.1,393.1,641.2
"CMJ 2",0.956,249.6,394.2,643.8
"CMJ 2",0.958,247.8,394.2,642
"CMJ 2",0.96,249.8,394.7,644.5
"CMJ 2",0.962,249.8,394.7,644.5
"CMJ 2",0.964,251.2,395.3,646.5
"CMJ 2",0.966,251.8,394.7,646.5
"CMJ 2",0.968,253,395.8,648.8
"CMJ 2",0.97,252.7,395.8,648.5
"CMJ 2",0.972,254.9,395.8,650.7
"CMJ 2",0.974,254.4,396.4,650.8
"CMJ 2",0.976,254.7,396.9,651.6
"CMJ 2",0.978,256.6,396.9,653.5
"CMJ 2",0.98,257.5,399.7,657.2
"CMJ 2",0.982,258.8,401.4,660.2
"CMJ 2",0.984,259.6,400.3,659.9
"CMJ 2",0.986,259.9,401.4,661.3
"CMJ 2",0.988,260.6,402.5,663.1
"CMJ 2",0.99,261.8,402.5,664.3
"CMJ 2",0.992,263.5,404.1,667.6
"CMJ 2",0.994,262.9,404.7,667.6
"CMJ 2",0.996,265.6,405.2,670.8
"CMJ 2",0.998,266.2,405.8,672
"CMJ 2",1,267.1,410.8,677.9
"CMJ 2",1.002,268.7,410.8,679.5
"CMJ 2",1.004,269.8,412.4,682.2
"CMJ 2",1.006,271.6,412.4,684
"CMJ 2",1.008,270.2,413.5,683.7
"CMJ 2",1.01,271.4,416.3,687.7
"CMJ 2",1.012,273.8,418.5,692.3
"CMJ 2",1.014,273.6,417.4,691
"CMJ 2",1.016,274.2,419.6,693.8
"CMJ 2",1.018,274.9,420.2,695.1
"CMJ 2",1.02,275.9,425.2,701.1
"CMJ 2",1.022,277.6,425.7,703.3
"CMJ 2",1.024,277.3,428.5,705.8
"CMJ 2",1.026,277.7,430.1,707.8
"CMJ 2",1.028,279,432.9,711.9
"CMJ 2",1.03,278.8,432.9,711.7
"CMJ 2",1.032,279.3,435.1,714.4
"CMJ 2",1.034,279.7,439.5,719.2
"CMJ 2",1.036,281,440.6,721.6
"CMJ 2",1.038,281.6,441.7,723.3
"CMJ 2",1.04,281.8,444.5,726.3
"CMJ 2",1.042,283.1,447.3,730.4
"CMJ 2",1.044,281.4,449.5,730.9
"CMJ 2",1.046,285.1,451.7,736.8
"CMJ 2",1.048,284,453.9,737.9
"CMJ 2",1.05,286.2,457.3,743.5
"CMJ 2",1.052,287.4,457.8,745.2
"CMJ 2",1.054,288.3,463.9,752.2
"CMJ 2",1.056,288.5,462.2,750.7
"CMJ 2",1.058,290.1,467.2,757.3
"CMJ 2",1.06,291.4,471.1,762.5
"CMJ 2",1.062,293.8,474.4,768.2
"CMJ 2",1.064,295.3,476.1,771.4
"CMJ 2",1.066,298.7,480,778.7
"CMJ 2",1.068,301.5,482.7,784.2
"CMJ 2",1.07,304.2,487.2,791.4
"CMJ 2",1.072,306.6,487.7,794.3
"CMJ 2",1.074,309.4,492.7,802.1
"CMJ 2",1.076,313.5,495.5,809
"CMJ 2",1.078,316.7,500.5,817.2
"CMJ 2",1.08,319.9,507.7,827.6
"CMJ 2",1.082,322.9,512.7,835.6
"CMJ 2",1.084,327.2,516,843.2
"CMJ 2",1.086,331.2,519.3,850.5
"CMJ 2",1.088,335.3,522.6,857.9
"CMJ 2",1.09,337.9,529.3,867.2
"CMJ 2",1.092,344.3,533.7,878
"CMJ 2",1.094,347.7,537,884.7
"CMJ 2",1.096,353,540.9,893.9
"CMJ 2",1.098,362.8,549.2,912
"CMJ 2",1.1,368.6,554.2,922.8
"CMJ 2",1.102,374.5,557.6,932.1
"CMJ 2",1.104,378.9,560.3,939.2
"CMJ 2",1.106,383.7,565.9,949.6
"CMJ 2",1.108,388.1,571.4,959.5
"CMJ 2",1.11,393.3,578.6,971.9
"CMJ 2",1.112,398.1,581.4,979.5
"CMJ 2",1.114,402.9,588,990.9
"CMJ 2",1.116,408.9,593.6,1002.5
"CMJ 2",1.118,413.4,598.6,1012
"CMJ 2",1.12,419.2,604.7,1023.9
"CMJ 2",1.122,423.8,608.5,1032.3
"CMJ 2",1.124,430.2,613.5,1043.7
"CMJ 2",1.126,433.9,618.5,1052.4
"CMJ 2",1.128,438.3,626.3,1064.6
"CMJ 2",1.13,443.2,631.3,1074.5
"CMJ 2",1.132,447.8,635.2,1083
"CMJ 2",1.134,451.6,644.6,1096.2
"CMJ 2",1.136,456.5,651.8,1108.3
"CMJ 2",1.138,458.1,654.6,1112.7
"CMJ 2",1.14,461.7,665.1,1126.8
"CMJ 2",1.142,466.8,670.7,1137.5
"CMJ 2",1.144,470.3,679,1149.3
"CMJ 2",1.146,474.1,683.4,1157.5
"CMJ 2",1.148,476.3,692.3,1168.6
"CMJ 2",1.15,479.6,699.5,1179.1
"CMJ 2",1.152,483.2,706.7,1189.9
"CMJ 2",1.154,485.6,714.4,1200
"CMJ 2",1.156,488.7,721.7,1210.4
"CMJ 2",1.158,492.4,727.8,1220.2
"CMJ 2",1.16,496.3,738.3,1234.6
"CMJ 2",1.162,498.1,744.4,1242.5
"CMJ 2",1.164,502.3,751.6,1253.9
"CMJ 2",1.166,506.6,758.8,1265.4
"CMJ 2",1.168,512,767.7,1279.7
"CMJ 2",1.17,515.7,775.4,1291.1
"CMJ 2",1.172,522.5,782.6,1305.1
"CMJ 2",1.174,525.8,789.3,1315.1
"CMJ 2",1.176,535.7,801.5,1337.2
"CMJ 2",1.178,540.6,810.3,1350.9
"CMJ 2",1.18,546.4,819.2,1365.6
"CMJ 2",1.182,552.5,823.1,1375.6
"CMJ 2",1.184,557.9,825.3,1383.2
"CMJ 2",1.186,562.6,832,1394.6
"CMJ 2",1.188,567.8,835.3,1403.1
"CMJ 2",1.19,574.9,836.9,1411.8
"CMJ 2",1.192,579.8,841.9,1421.7
"CMJ 2",1.194,585,843,1428
"CMJ 2",1.196,590.9,844.2,1435.1
"CMJ 2",1.198,594.4,847.5,1441.9
"CMJ 2",1.2,599.1,851.9,1451
"CMJ 2",1.202,601.9,851.4,1453.3
"CMJ 2",1.204,607.9,850.3,1458.2
"CMJ 2",1.206,608,852.5,1460.5
"CMJ 2",1.208,612.9,853.6,1466.5
"CMJ 2",1.21,614.8,856.9,1471.7
"CMJ 2",1.212,618.4,859.7,1478.1
"CMJ 2",1.214,620.7,861.9,1482.6
"CMJ 2",1.216,626.1,864.7,1490.8
"CMJ 2",1.218,628.5,868.6,1497.1
"CMJ 2",1.22,631.3,870.8,1502.1
"CMJ 2",1.222,635.8,875.8,1511.6
"CMJ 2",1.224,642,878,1520
"CMJ 2",1.226,646.9,879.7,1526.6
"CMJ 2",1.228,648.6,882.5,1531.1
"CMJ 2",1.23,652.8,888.6,1541.4
"CMJ 2",1.232,656.4,893,1549.4
"CMJ 2",1.234,660.1,895.8,1555.9
"CMJ 2",1.236,663.4,900.8,1564.2
"CMJ 2",1.238,666.6,905.2,1571.8
"CMJ 2",1.24,669.4,910.2,1579.6
"CMJ 2",1.242,672,917.4,1589.4
"CMJ 2",1.244,675.7,920.7,1596.4
"CMJ 2",1.246,680.4,924.6,1605
"CMJ 2",1.248,682.8,928.5,1611.3
"CMJ 2",1.25,685.7,935.1,1620.8
"CMJ 2",1.252,690.7,941.2,1631.9
"CMJ 2",1.254,697.5,950,1647.5
"CMJ 2",1.256,702.6,955,1657.6
"CMJ 2",1.258,705.4,960.6,1666
"CMJ 2",1.26,709.5,966.1,1675.6
"CMJ 2",1.262,711.6,969.4,1681
"CMJ 2",1.264,714.7,973.3,1688
"CMJ 2",1.266,717.5,977.2,1694.7
"CMJ 2",1.268,718.7,982.2,1700.9
"CMJ 2",1.27,720.5,984.9,1705.4
"CMJ 2",1.272,721.7,987.1,1708.8
"CMJ 2",1.274,723.8,987.7,1711.5
"CMJ 2",1.276,724.4,990.4,1714.8
"CMJ 2",1.278,726.9,990.4,1717.3
"CMJ 2",1.28,726.5,990.4,1716.9
"CMJ 2",1.282,726.4,988.8,1715.2
"CMJ 2",1.284,727.7,987.1,1714.8
"CMJ 2",1.286,727.9,986,1713.9
"CMJ 2",1.288,727.8,985.5,1713.3
"CMJ 2",1.29,729,984.3,1713.3
"CMJ 2",1.292,727.7,978.8,1706.5
"CMJ 2",1.294,726.2,973.2,1699.4
"CMJ 2",1.296,726.2,973.3,1699.5
"CMJ 2",1.298,723.6,966.6,1690.2
"CMJ 2",1.3,723.2,966.6,1689.8
"CMJ 2",1.302,721,960.5,1681.5
"CMJ 2",1.304,718.8,956.1,1674.9
"CMJ 2",1.306,716,950.5,1666.5
"CMJ 2",1.308,715.1,945.5,1660.6
"CMJ 2",1.31,712.2,943.3,1655.5
"CMJ 2",1.312,710.3,939.4,1649.7
"CMJ 2",1.314,709.8,935.6,1645.4
"CMJ 2",1.316,708.6,931.7,1640.3
"CMJ 2",1.318,707,926.7,1633.7
"CMJ 2",1.32,706.3,923.9,1630.2
"CMJ 2",1.322,704.9,918.9,1623.8
"CMJ 2",1.324,705.6,917.8,1623.4
"CMJ 2",1.326,703.6,911.7,1615.3
"CMJ 2",1.328,703.1,910.6,1613.7
"CMJ 2",1.33,702.8,906.1,1608.9
"CMJ 2",1.332,702.2,903.3,1605.5
"CMJ 2",1.334,700.3,900.6,1600.9
"CMJ 2",1.336,700.6,897.8,1598.4
"CMJ 2",1.338,699,897.2,1596.2
"CMJ 2",1.34,698.4,897.2,1595.6
"CMJ 2",1.342,695.7,895,1590.7
"CMJ 2",1.344,695,892.2,1587.2
"CMJ 2",1.346,696.7,892.2,1588.9
"CMJ 2",1.348,695.7,891.1,1586.8
"CMJ 2",1.35,696.5,889.4,1585.9
"CMJ 2",1.352,694.8,886.7,1581.5
"CMJ 2",1.354,696.4,885,1581.4
"CMJ 2",1.356,694.2,882.8,1577
"CMJ 2",1.358,695.6,882.2,1577.8
"CMJ 2",1.36,695.8,878.9,1574.7
"CMJ 2",1.362,694.8,881.1,1575.9
"CMJ 2",1.364,696.3,878.9,1575.2
"CMJ 2",1.366,695.2,879.5,1574.7
"CMJ 2",1.368,696.4,876.7,1573.1
"CMJ 2",1.37,695.8,875,1570.8
"CMJ 2",1.372,695.1,872.2,1567.3
"CMJ 2",1.374,694.9,873.4,1568.3
"CMJ 2",1.376,696.3,871.1,1567.4
"CMJ 2",1.378,694.5,869.5,1564
"CMJ 2",1.38,694.4,867.8,1562.2
"CMJ 2",1.382,694.9,866.7,1561.6
"CMJ 2",1.384,695,862.8,1557.8
"CMJ 2",1.386,696.6,862.3,1558.9
"CMJ 2",1.388,694.1,857.3,1551.4
"CMJ 2",1.39,695.1,856.7,1551.8
"CMJ 2",1.392,693.5,852.8,1546.3
"CMJ 2",1.394,694.2,851.2,1545.4
"CMJ 2",1.396,692.4,847.8,1540.2
"CMJ 2",1.398,691.4,844,1535.4
"CMJ 2",1.4,690.9,842.3,1533.2
"CMJ 2",1.402,689.7,837.3,1527
"CMJ 2",1.404,687.7,831.7,1519.4
"CMJ 2",1.406,685,826.2,1511.2
"CMJ 2",1.408,682.4,820.1,1502.5
"CMJ 2",1.41,676,807.3,1483.3
"CMJ 2",1.412,672.8,799,1471.8
"CMJ 2",1.414,667.5,790.7,1458.2
"CMJ 2",1.416,662.1,782.4,1444.5
"CMJ 2",1.418,654.4,772.4,1426.8
"CMJ 2",1.42,649.5,763,1412.5
"CMJ 2",1.422,639.5,752.5,1392
"CMJ 2",1.424,631.2,739.7,1370.9
"CMJ 2",1.426,622.2,726.4,1348.6
"CMJ 2",1.428,613.3,713.7,1327
"CMJ 2",1.43,600.4,699.3,1299.7
"CMJ 2",1.432,588.1,684.3,1272.4
"CMJ 2",1.434,574.2,669.9,1244.1
"CMJ 2",1.436,558.7,651.1,1209.8
"CMJ 2",1.438,543.5,630,1173.5
"CMJ 2",1.44,526.9,609.5,1136.4
"CMJ 2",1.442,508.2,587.4,1095.6
"CMJ 2",1.444,490.7,561.3,1052
"CMJ 2",1.446,472,533.6,1005.6
"CMJ 2",1.448,451.7,505.4,957.1
"CMJ 2",1.45,428.4,476,904.4
"CMJ 2",1.452,401.2,446.1,847.3
"CMJ 2",1.454,375.3,409.6,784.9
"CMJ 2",1.456,348.4,372.5,720.9
"CMJ 2",1.458,319.4,332.6,652
"CMJ 2",1.46,288,296.1,584.1
"CMJ 2",1.462,256.2,252.9,509.1
"CMJ 2",1.464,223.4,210.2,433.6
"CMJ 2",1.466,187.2,167,354.2
"CMJ 2",1.468,151,121.6,272.6
"CMJ 2",1.47,113.1,79.5,192.6
"CMJ 2",1.472,78.2,45.8,124
"CMJ 2",1.474,48.7,19.7,68.4
"CMJ 2",1.476,26.6,0,26.6
"CMJ 2",1.478,8.5,0,8.5
"CMJ 2",1.48,0,0,0
"CMJ 2",1.482,0,0,0
"CMJ 2",1.484,0,10.9,10.9
"CMJ 2",1.486,0,0,0
"CMJ 2",1.488,0,0,0
"CMJ 2",1.49,0,0,0
"CMJ 2",1.492,0,0,0
"CMJ 2",1.494,0,0,0
"CMJ 2",1.496,0,0,0
"CMJ 2",1.498,0,0,0
"CMJ 2",1.5,0,0,0
"CMJ 2",1.502,0,5.4,5.4
"CMJ 2",1.504,0,0,0
"CMJ 2",1.506,0,0,0
"CMJ 2",1.508,0,0,0
"CMJ 2",1.51,0,0,0
"CMJ 2",1.512,0,0,0
"CMJ 2",1.514,0,0,0
"CMJ 2",1.516,0,0,0
"CMJ 2",1.518,0,0,0
"CMJ 2",1.52,0,0,0
"CMJ 2",1.522,0,0,0
"CMJ 2",1.524,0,0,0
"CMJ 2",1.526,0,0,0
"CMJ 2",1.528,0,0,0
"CMJ 2",1.53,0,0,0
"CMJ 2",1.532,0,0,0
"CMJ 2",1.534,0,0,0
"CMJ 2",1.536,0,0,0
"CMJ 2",1.538,0,0,0
"CMJ 2",1.54,0,0,0
"CMJ 2",1.542,0,0,0
"CMJ 2",1.544,0,0,0
"CMJ 2",1.546,0,0,0
"CMJ 2",1.548,0,0,0
"CMJ 2",1.55,0,0,0
"CMJ 2",1.552,0,0,0
"CMJ 2",1.554,0,0,0
"CMJ 2",1.556,0,0,0
"CMJ 2",1.558,0,0,0
"CMJ 2",1.56,0,0,0
"CMJ 2",1.562,0,0,0
"CMJ 2",1.564,0,0,0
"CMJ 2",1.566,0,0,0
"CMJ 2",1.568,0,0,0
"CMJ 2",1.57,0,0,0
"CMJ 2",1.572,0,0,0
"CMJ 2",1.574,0,0,0
"CMJ 2",1.576,0,0,0
"CMJ 2",1.578,0,0,0
"CMJ 2",1.58,0,0,0
"CMJ 2",1.582,0,0,0
"CMJ 2",1.584,0,0,0
"CMJ 2",1.586,0,0,0
"CMJ 2",1.588,0,0,0
"CMJ 2",1.59,0,0,0
"CMJ 2",1.592,0,0,0
"CMJ 2",1.594,0,0,0
"CMJ 2",1.596,0,0,0
"CMJ 2",1.598,0,0,0
"CMJ 2",1.6,0,0,0
"CMJ 2",1.602,0,0,0
"CMJ 2",1.604,0,0,0
"CMJ 2",1.606,0,0,0
"CMJ 2",1.608,0,0,0
"CMJ 2",1.61,0,0,0
"CMJ 2",1.612,0,0,0
"CMJ 2",1.614,0,0,0
"CMJ 2",1.616,0,0,0
"CMJ 2",1.618,0,0,0
"CMJ 2",1.62,0,0,0
"CMJ 2",1.622,0,0,0
"CMJ 2",1.624,0,0,0
"CMJ 2",1.626,0,0,0
"CMJ 2",1.628,0,0,0
"CMJ 2",1.63,0,0,0
"CMJ 2",1.632,0,0,0
"CMJ 2",1.634,0,0,0
"CMJ 2",1.636,0,0,0
"CMJ 2",1.638,0,0,0
"CMJ 2",1.64,0,0,0
"CMJ 2",1.642,0,0,0
"CMJ 2",1.644,0,0,0
"CMJ 2",1.646,0,0,0
"CMJ 2",1.648,0,0,0
"CMJ 2",1.65,0,0,0
"CMJ 2",1.652,0,0,0
"CMJ 2",1.654,0,0,0
"CMJ 2",1.656,0,0,0
"CMJ 2",1.658,0,0,0
"CMJ 2",1.66,0,0,0
"CMJ 2",1.662,0,0,0
"CMJ 2",1.664,0,0,0
"CMJ 2",1.666,0,0,0
"CMJ 2",1.668,0,0,0
"CMJ 2",1.67,0,0,0
"CMJ 2",1.672,0,0,0
"CMJ 2",1.674,0,0,0
"CMJ 2",1.676,0,0,0
"CMJ 2",1.678,0,0,0
"CMJ 2",1.68,0,0,0
"CMJ 2",1.682,0,0,0
"CMJ 2",1.684,0,0,0
"CMJ 2",1.686,0,0,0
"CMJ 2",1.688,0,0,0
"CMJ 2",1.69,0,0,0
"CMJ 2",1.692,0,0,0
"CMJ 2",1.694,0,0,0
"CMJ 2",1.696,0,0,0
"CMJ 2",1.698,0,0,0
"CMJ 2",1.7,0,0,0
"CMJ 2",1.702,0,0,0
"CMJ 2",1.704,0,0,0
"CMJ 2",1.706,0,0,0
"CMJ 2",1.708,0,0,0
"CMJ 2",1.71,0,0,0
"CMJ 2",1.712,0,0,0
"CMJ 2",1.714,0,0,0
"CMJ 2",1.716,0,0,0
"CMJ 2",1.718,0,0,0
"CMJ 2",1.72,0,0,0
"CMJ 2",1.722,0,0,0
"CMJ 2",1.724,0,0,0
"CMJ 2",1.726,0,0,0
"CMJ 2",1.728,0,0,0
"CMJ 2",1.73,0,0,0
"CMJ 2",1.732,0,0,0
"CMJ 2",1.734,0,0,0
"CMJ 2",1.736,0,0,0
"CMJ 2",1.738,0,0,0
"CMJ 2",1.74,0,0,0
"CMJ 2",1.742,0,0,0
"CMJ 2",1.744,0,0,0
"CMJ 2",1.746,0,0,0
"CMJ 2",1.748,0,0,0
"CMJ 2",1.75,0,0,0
"CMJ 2",1.752,0,0,0
"CMJ 2",1.754,0,0,0
"CMJ 2",1.756,0,0,0
"CMJ 2",1.758,0,0,0
"CMJ 2",1.76,0,0,0
"CMJ 2",1.762,0,0,0
"CMJ 2",1.764,0,0,0
"CMJ 2",1.766,0,0,0
"CMJ 2",1.768,0,0,0
"CMJ 2",1.77,0,0,0
"CMJ 2",1.772,0,0,0
"CMJ 2",1.774,0,0,0
"CMJ 2",1.776,0,0,0
"CMJ 2",1.778,0,0,0
"CMJ 2",1.78,0,0,0
"CMJ 2",1.782,0,0,0
"CMJ 2",1.784,0,0,0
"CMJ 2",1.786,0,0,0
"CMJ 2",1.788,0,0,0
"CMJ 2",1.79,0,0,0
"CMJ 2",1.792,0,0,0
"CMJ 2",1.794,0,0,0
"CMJ 2",1.796,0,0,0
"CMJ 2",1.798,0,0,0
"CMJ 2",1.8,0,0,0
"CMJ 2",1.802,0,0,0
"CMJ 2",1.804,0,0,0
"CMJ 2",1.806,0,0,0
"CMJ 2",1.808,0,0,0
"CMJ 2",1.81,0,0,0
"CMJ 2",1.812,0,0,0
"CMJ 2",1.814,0,0,0
"CMJ 2",1.816,0,0,0
"CMJ 2",1.818,0,0,0
"CMJ 2",1.82,0,0,0
"CMJ 2",1.822,0,0,0
"CMJ 2",1.824,0,0,0
"CMJ 2",1.826,0,0,0
"CMJ 2",1.828,0,0,0
"CMJ 2",1.83,0,0,0
"CMJ 2",1.832,0,0,0
"CMJ 2",1.834,0,0,0
"CMJ 2",1.836,0,0,0
"CMJ 2",1.838,0,0,0
"CMJ 2",1.84,0,0,0
"CMJ 2",1.842,0,0,0
"CMJ 2",1.844,0,0,0
"CMJ 2",1.846,0,0,0
"CMJ 2",1.848,0,0,0
"CMJ 2",1.85,0,0,0
"CMJ 2",1.852,0,0,0
"CMJ 2",1.854,0,0,0
"CMJ 2",1.856,0,0,0
"CMJ 2",1.858,0,0,0
"CMJ 2",1.86,0,0,0
"CMJ 2",1.862,0,0,0
"CMJ 2",1.864,0,0,0
"CMJ 2",1.866,0,0,0
"CMJ 2",1.868,0,0,0
"CMJ 2",1.87,0,0,0
"CMJ 2",1.872,0,0,0
"CMJ 2",1.874,0,0,0
"CMJ 2",1.876,0,0,0
"CMJ 2",1.878,0,0,0
"CMJ 2",1.88,0,0,0
"CMJ 2",1.882,0,0,0
"CMJ 2",1.884,0,0,0
"CMJ 2",1.886,0,0,0
"CMJ 2",1.888,0,0,0
"CMJ 2",1.89,0,0,0
"CMJ 2",1.892,0,0,0
"CMJ 2",1.894,0,0,0
"CMJ 2",1.896,0,0,0
"CMJ 2",1.898,0,0,0
"CMJ 2",1.9,0,0,0
"CMJ 2",1.902,0,0,0
"CMJ 2",1.904,0,0,0
"CMJ 2",1.906,0,0,0
"CMJ 2",1.908,0,0,0
"CMJ 2",1.91,0,0,0
"CMJ 2",1.912,0,0,0
"CMJ 2",1.914,0,0,0
"CMJ 2",1.916,0,0,0
"CMJ 2",1.918,0,0,0
"CMJ 2",1.92,0,0,0
"CMJ 2",1.922,0,0,0
"CMJ 2",1.924,0,0,0
"CMJ 2",1.926,0,0,0
"CMJ 2",1.928,0,0,0
"CMJ 2",1.93,0,0,0
"CMJ 2",1.932,0,0,0
"CMJ 2",1.934,0,0,0
"CMJ 2",1.936,0,0,0
"CMJ 2",1.938,0,0,0
"CMJ 2",1.94,0,0,0
"CMJ 2",1.942,0,0,0
"CMJ 2",1.944,0,0,0
"CMJ 2",1.946,0,0,0
"CMJ 2",1.948,0,0,0
"CMJ 2",1.95,0,0,0
"CMJ 2",1.952,0,0,0
"CMJ 2",1.954,0,0,0
"CMJ 2",1.956,0,0,0
"CMJ 2",1.958,0,0,0
"CMJ 2",1.96,0,0,0
"CMJ 2",1.962,0,0,0
"CMJ 2",1.964,0,0,0
"CMJ 2",1.966,0,0,0
"CMJ 2",1.968,0,0,0
"CMJ 2",1.97,0,0,0
"CMJ 2",1.972,0,0,0
"CMJ 2",1.974,0,0,0
"CMJ 2",1.976,0,0,0
"CMJ 2",1.978,0,0,0
"CMJ 2",1.98,0,0,0
"CMJ 2",1.982,0,0,0
"CMJ 2",1.984,0,0,0
"CMJ 2",1.986,0,0,0
"CMJ 2",1.988,0,0,0
"CMJ 2",1.99,0,0,0
"CMJ 2",1.992,0,0,0
"CMJ 2",1.994,0,0,0
"CMJ 2",1.996,0,0,0
"CMJ 2",1.998,0,0,0
"CMJ 2",2,0,0,0
"CMJ 2",2.002,0,0,0
"CMJ 2",2.004,0,0,0
"CMJ 2",2.006,0,0,0
"CMJ 2",2.008,0,0,0
"CMJ 2",2.01,0,0,0
"CMJ 2",2.012,0,0,0
"CMJ 2",2.014,0,0,0
"CMJ 2",2.016,0,0,0
"CMJ 2",2.018,0,0,0
"CMJ 2",2.02,0,0,0
"CMJ 2",2.022,0,0,0
"CMJ 2",2.024,0,0,0
"CMJ 2",2.026,0,0,0
"CMJ 2",2.028,0,0,0
"CMJ 2",2.03,0,0,0
"CMJ 2",2.032,0,0,0
"CMJ 2",2.034,0,0,0
"CMJ 2",2.036,0,0,0
"CMJ 2",2.038,0,0,0
"CMJ 2",2.04,0,0,0
"CMJ 2",2.042,0,0,0
"CMJ 2",2.044,0,0,0
"CMJ 2",2.046,97.7,67.9,165.6
"CMJ 2",2.048,244.4,320,564.4
"CMJ 2",2.05,355.8,489.6,845.4
"CMJ 2",2.052,457.9,471.4,929.3
"CMJ 2",2.054,594.9,454.3,1049.2
"CMJ 2",2.056,760.6,622.9,1383.5
"CMJ 2",2.058,854.5,865.3,1719.8
"CMJ 2",2.06,789.6,991.7,1781.3
"CMJ 2",2.062,647.5,962.2,1609.7
"CMJ 2",2.064,551.7,850.5,1402.2
"CMJ 2",2.066,517.8,721.1,1238.9
"CMJ 2",2.068,501.5,621.1,1122.6
"CMJ 2",2.07,436.8,585.1,1021.9
"CMJ 2",2.072,426.1,626.9,1053
"CMJ 2",2.074,504.9,769.3,1274.2
"CMJ 2",2.076,601.9,955.4,1557.3
"CMJ 2",2.078,663.7,1059.8,1723.5
"CMJ 2",2.08,681.9,1052.5,1734.4
"CMJ 2",2.082,693.7,1026,1719.7
"CMJ 2",2.084,738.9,1128.3,1867.2
"CMJ 2",2.086,797.1,1288.8,2085.9
"CMJ 2",2.088,854.3,1407,2261.3
"CMJ 2",2.09,910.9,1450.7,2361.6
"CMJ 2",2.092,948.7,1489.2,2437.9
"CMJ 2",2.094,974.7,1579.4,2554.1
"CMJ 2",2.096,978.5,1715.6,2694.1
"CMJ 2",2.098,981,1744.9,2725.9
"CMJ 2",2.1,999.8,1721.2,2721
"CMJ 2",2.102,1030.4,1765.5,2795.9
"CMJ 2",2.104,1062.3,1873.5,2935.8
"CMJ 2",2.106,1116.6,1997,3113.6
"CMJ 2",2.108,1200,2110.5,3310.5
"CMJ 2",2.11,1354.4,2196.3,3550.7
"CMJ 2",2.112,1650.6,2262.5,3913.1
"CMJ 2",2.114,1706.1,2246.9,3953
"CMJ 2",2.116,1755.7,2194,3949.7
"CMJ 2",2.118,1772.2,2096.2,3868.4
"CMJ 2",2.12,1716.9,1977.6,3694.5
"CMJ 2",2.122,1595.4,1841.8,3437.2
"CMJ 2",2.124,1479,1715.4,3194.4
"CMJ 2",2.126,1387,1614.2,3001.2
"CMJ 2",2.128,1308.1,1532.9,2841
"CMJ 2",2.13,1232,1470,2702
"CMJ 2",2.132,1162.9,1426,2588.9
"CMJ 2",2.134,1099.3,1398.7,2498
"CMJ 2",2.136,1057.1,1360.3,2417.4
"CMJ 2",2.138,1017.7,1307.5,2325.2
"CMJ 2",2.14,965.9,1248.5,2214.4
"CMJ 2",2.142,917.1,1204.1,2121.2
"CMJ 2",2.144,887.5,1180.8,2068.3
"CMJ 2",2.146,876,1162.4,2038.4
"CMJ 2",2.148,860.5,1137.4,1997.9
"CMJ 2",2.15,839.7,1105.7,1945.4
"CMJ 2",2.152,820.8,1075.2,1896
"CMJ 2",2.154,806.9,1053,1859.9
"CMJ 2",2.156,799.5,1037.4,1836.9
"CMJ 2",2.158,796.3,1030.3,1826.6
"CMJ 2",2.16,789.8,1031.4,1821.2
"CMJ 2",2.162,791.6,1033.6,1825.2
"CMJ 2",2.164,798.1,1029.7,1827.8
"CMJ 2",2.166,803.8,1025.3,1829.1
"CMJ 2",2.168,804.9,1014.2,1819.1
"CMJ 2",2.17,801.9,1008.7,1810.6
"CMJ 2",2.172,801,1005.4,1806.4
"CMJ 2",2.174,797.7,1006,1803.7
"CMJ 2",2.176,788.8,1003.8,1792.6
"CMJ 2",2.178,780,999.3,1779.3
"CMJ 2",2.18,770.4,992.1,1762.5
"CMJ 2",2.182,764.3,982.1,1746.4
"CMJ 2",2.184,751.8,971,1722.8
"CMJ 2",2.186,738.8,965.5,1704.3
"CMJ 2",2.188,726.4,963.8,1690.2
"CMJ 2",2.19,700.8,966,1666.8
"CMJ 2",2.192,686.4,963.2,1649.6
"CMJ 2",2.194,678.5,952.7,1631.2
"CMJ 2",2.196,662.6,948.2,1610.8
"CMJ 2",2.198,642,944.8,1586.8
"CMJ 2",2.2,630.8,943.7,1574.5
"CMJ 2",2.202,622.6,943.1,1565.7
"CMJ 2",2.204,607.8,942,1549.8
"CMJ 2",2.206,592.8,934.8,1527.6
"CMJ 2",2.208,578.9,925.3,1504.2
"CMJ 2",2.21,570.6,919.2,1489.8
"CMJ 2",2.212,559.6,909.7,1469.3
"CMJ 2",2.214,547.3,906.3,1453.6
"CMJ 2",2.216,535.6,901.3,1436.9
"CMJ 2",2.218,526.6,897.4,1424
"CMJ 2",2.22,515.3,889.6,1404.9
"CMJ 2",2.222,504.2,881.3,1385.5
"CMJ 2",2.224,493.6,869.6,1363.2
"CMJ 2",2.226,483.2,859.6,1342.8
"CMJ 2",2.228,474.2,850.7,1324.9
"CMJ 2",2.23,464.6,843.5,1308.1
"CMJ 2",2.232,455,836.3,1291.3
"CMJ 2",2.234,447,829,1276
"CMJ 2",2.236,439,817.9,1256.9
"CMJ 2",2.238,428,804.6,1232.6
"CMJ 2",2.24,419.1,794,1213.1
"CMJ 2",2.242,411.8,784,1195.8
"CMJ 2",2.244,404.8,775.7,1180.5
"CMJ 2",2.246,395.2,766.2,1161.4
"CMJ 2",2.248,387,756.8,1143.8
"CMJ 2",2.25,378.9,745.7,1124.6
"CMJ 2",2.252,374.8,731.8,1106.6
"CMJ 2",2.254,366.6,716.8,1083.4
"CMJ 2",2.256,358,703.4,1061.4
"CMJ 2",2.258,349.1,691.8,1040.9
"CMJ 2",2.26,341.9,682.3,1024.2
"CMJ 2",2.262,334.3,670.6,1004.9
"CMJ 2",2.264,325.6,656.2,981.8
"CMJ 2",2.266,318.4,639.5,957.9
"CMJ 2",2.268,301.3,611.2,912.5
"CMJ 2",2.27,291.4,600.6,892
"CMJ 2",2.272,283.8,584.5,868.3
"CMJ 2",2.274,275.4,572.2,847.6
"CMJ 2",2.276,268.4,560.6,829
"CMJ 2",2.278,259.9,545.5,805.4
"CMJ 2",2.28,252.6,532.2,784.8
"CMJ 2",2.282,247.6,516.6,764.2
"CMJ 2",2.284,242.6,505,747.6
"CMJ 2",2.286,237.6,491.1,728.7
"CMJ 2",2.288,234.6,478.9,713.5
"CMJ 2",2.29,226.8,468.8,695.6
"CMJ 2",2.292,220.4,457.7,678.1
"CMJ 2",2.294,215.4,443.8,659.2
"CMJ 2",2.296,210.2,430.5,640.7
"CMJ 2",2.298,204.8,419.9,624.7
"CMJ 2",2.3,195.3,410.5,605.8
"CMJ 2",2.302,191.2,401.6,592.8
"CMJ 2",2.304,185.1,388.3,573.4
"CMJ 2",2.306,178.8,379.9,558.7
"CMJ 2",2.308,169.9,367.1,537
"CMJ 2",2.31,167.1,356.6,523.7
"CMJ 2",2.312,160.3,347.1,507.4
"CMJ 2",2.314,154.4,337.1,491.5
"CMJ 2",2.316,148.1,328.8,476.9
"CMJ 2",2.318,145,321.5,466.5
"CMJ 2",2.32,140.4,314.3,454.7
"CMJ 2",2.322,135.9,308.2,444.1
"CMJ 2",2.324,132.1,295.4,427.5
"CMJ 2",2.326,128.1,287.1,415.2
"CMJ 2",2.328,124,278.8,402.8
"CMJ 2",2.33,120.3,272.1,392.4
"CMJ 2",2.332,115.5,264.9,380.4
"CMJ 2",2.334,114.6,257.6,372.2
"CMJ 2",2.336,110.9,251,361.9
"CMJ 2",2.338,107.6,241.5,349.1
"CMJ 2",2.34,107.2,236,343.2
"CMJ 2",2.342,104.1,230.4,334.5
"CMJ 2",2.344,103.3,225.4,328.7
"CMJ 2",2.346,101.9,213.2,315.1
"CMJ 2",2.348,102.1,207.1,309.2
"CMJ 2",2.35,102.4,204.3,306.7
"CMJ 2",2.352,103.2,198.2,301.4
"CMJ 2",2.354,103.6,193.2,296.8
"CMJ 2",2.356,105,187.7,292.7
"CMJ 2",2.358,108.5,185.5,294
"CMJ 2",2.36,108.1,183.8,291.9
"CMJ 2",2.362,107.7,181,288.7
"CMJ 2",2.364,109.3,177.7,287
"CMJ 2",2.366,112.6,172.7,285.3
"CMJ 2",2.368,112.2,171,283.2
"CMJ 2",2.37,110.8,167.7,278.5
"CMJ 2",2.372,114,167.1,281.1
"CMJ 2",2.374,115.7,166.6,282.3
"CMJ 2",2.376,117.2,167.2,284.4
"CMJ 2",2.378,116.7,167.2,283.9
"CMJ 2",2.38,118.9,170,288.9
"CMJ 2",2.382,119.7,170,289.7
"CMJ 2",2.384,121,167.8,288.8
"CMJ 2",2.386,122,168.9,290.9
"CMJ 2",2.388,123.2,173.9,297.1
"CMJ 2",2.39,125.8,178.9,304.7
"CMJ 2",2.392,128.9,181.2,310.1
"CMJ 2",2.394,130,186.2,316.2
"CMJ 2",2.396,132,189.5,321.5
"CMJ 2",2.398,135.9,195.1,331
"CMJ 2",2.4,140,202.4,342.4
"CMJ 2",2.402,143.7,207.9,351.6
"CMJ 2",2.404,146.6,208,354.6
"CMJ 2",2.406,151.2,213,364.2
"CMJ 2",2.408,156.6,219.1,375.7
"CMJ 2",2.41,160.6,224.1,384.7
"CMJ 2",2.412,164.6,225.2,389.8
"CMJ 2",2.414,171.1,228,399.1
"CMJ 2",2.416,174.9,232.5,407.4
"CMJ 2",2.418,179.7,237,416.7
"CMJ 2",2.42,184.5,241.4,425.9
"CMJ 2",2.422,188.9,245.3,434.2
"CMJ 2",2.424,201.5,250.3,451.8
"CMJ 2",2.426,206.6,254.8,461.4
"CMJ 2",2.428,214.2,257,471.2
"CMJ 2",2.43,221.8,263.2,485
"CMJ 2",2.432,227,264.8,491.8
"CMJ 2",2.434,233.4,267.6,501
"CMJ 2",2.436,240.9,271,511.9
"CMJ 2",2.438,246.2,275.4,521.6
"CMJ 2",2.44,253,278.7,531.7
"CMJ 2",2.442,258,281.5,539.5
"CMJ 2",2.444,264.4,283.2,547.6
"CMJ 2",2.446,271,288.8,559.8
"CMJ 2",2.448,278.5,292.6,571.1
"CMJ 2",2.45,283.7,297.1,580.8
"CMJ 2",2.452,289,299.9,588.9
"CMJ 2",2.454,294.4,303.8,598.2
"CMJ 2",2.456,301.8,308.2,610
"CMJ 2",2.458,306.3,309.4,615.7
"CMJ 2",2.46,312.7,314.9,627.6
"CMJ 2",2.462,317.9,318.2,636.1
"CMJ 2",2.464,324.1,323.2,647.3
"CMJ 2",2.466,329.7,325.5,655.2
"CMJ 2",2.468,335.7,331.6,667.3
"CMJ 2",2.47,340.7,334.4,675.1
"CMJ 2",2.472,343.5,337.7,681.2
"CMJ 2",2.474,350.8,342.1,692.9
"CMJ 2",2.476,354.4,347.7,702.1
"CMJ 2",2.478,358.2,349.4,707.6
"CMJ 2",2.48,363.2,354.9,718.1
"CMJ 2",2.482,369.4,362.7,732.1
"CMJ 2",2.484,371.6,363.3,734.9
"CMJ 2",2.486,375,369.4,744.4
"CMJ 2",2.488,378,372.2,750.2
"CMJ 2",2.49,381.6,378.9,760.5
"CMJ 2",2.492,383.7,383.9,767.6
"CMJ 2",2.494,386.7,391.1,777.8
"CMJ 2",2.496,387.3,395,782.3
"CMJ 2",2.498,390.3,401.6,791.9
"CMJ 2",2.5,392,405.6,797.6
"CMJ 2",2.502,393.2,416.1,809.3
"CMJ 2",2.504,393,422.2,815.2
"CMJ 2",2.506,393.8,425,818.8
"CMJ 2",2.508,393.4,432.3,825.7
"CMJ 2",2.51,393.4,436.1,829.5
"CMJ 2",2.512,391.8,441.2,833
"CMJ 2",2.514,391.7,443.4,835.1
"CMJ 2",2.516,390.4,448.4,838.8
"CMJ 2",2.518,389.6,453.4,843
"CMJ 2",2.52,387.3,457.9,845.2
"CMJ 2",2.522,384,461.8,845.8
"CMJ 2",2.524,382.8,462.9,845.7
"CMJ 2",2.526,381.1,467.9,849
"CMJ 2",2.528,377.9,470.7,848.6
"CMJ 2",2.53,376.1,475.7,851.8
"CMJ 2",2.532,372.6,477.9,850.5
"CMJ 2",2.534,369.2,481.8,851
"CMJ 2",2.536,367.1,479.6,846.7
"CMJ 2",2.538,362.6,485.1,847.7
"CMJ 2",2.54,361.7,489.6,851.3
"CMJ 2",2.542,358,492.4,850.4
"CMJ 2",2.544,355.8,494.6,850.4
"CMJ 2",2.546,353.1,497.4,850.5
"CMJ 2",2.548,350.6,499.6,850.2
"CMJ 2",2.55,348,501.2,849.2
"CMJ 2",2.552,345,505.1,850.1
"CMJ 2",2.554,342.7,505.7,848.4
"CMJ 2",2.556,341.5,507.4,848.9
"CMJ 2",2.558,339,509.6,848.6
"CMJ 2",2.56,336.7,511.8,848.5
"CMJ 2",2.562,333.3,511.8,845.1
"CMJ 2",2.564,334.4,513.5,847.9
"CMJ 2",2.566,330.3,514,844.3
"CMJ 2",2.568,329.1,514.6,843.7
"CMJ 2",2.57,327.4,512.9,840.3
"CMJ 2",2.572,326.2,511.8,838
"CMJ 2",2.574,323.3,511.8,835.1
"CMJ 2",2.576,319.3,511.2,830.5
"CMJ 2",2.578,317.3,508.5,825.8
"CMJ 2",2.58,312.1,506.8,818.9
"CMJ 2",2.582,305.9,505.7,811.6
"CMJ 2",2.584,303.9,501.2,805.1
"CMJ 2",2.586,298.6,500.1,798.7
"CMJ 2",2.588,295.6,498.4,794
"CMJ 2",2.59,291.1,497.3,788.4
"CMJ 2",2.592,287,492.3,779.3
"CMJ 2",2.594,281.6,492.3,773.9
"CMJ 2",2.596,278.2,487.3,765.5
"CMJ 2",2.598,274.7,485.6,760.3
"CMJ 2",2.6,271.6,484.5,756.1
"CMJ 2",2.602,268.6,481.8,750.4
"CMJ 2",2.604,265,477.3,742.3
"CMJ 2",2.606,260.3,475.1,735.4
"CMJ 2",2.608,257.5,471.7,729.2
"CMJ 2",2.61,255,470.1,725.1
"CMJ 2",2.612,249.8,469.5,719.3
"CMJ 2",2.614,248,466.2,714.2
"CMJ 2",2.616,245.1,464.5,709.6
"CMJ 2",2.618,243.2,461.7,704.9
"CMJ 2",2.62,240,459.5,699.5
"CMJ 2",2.622,237.1,459.5,696.6
"CMJ 2",2.624,234.6,456.2,690.8
"CMJ 2",2.626,232,455.6,687.6
"CMJ 2",2.628,230.6,451.7,682.3
"CMJ 2",2.63,229.1,451.2,680.3
"CMJ 2",2.632,227.3,450.6,677.9
"CMJ 2",2.634,224.8,448.9,673.7
"CMJ 2",2.636,224,447.8,671.8
"CMJ 2",2.638,222.5,445,667.5
"CMJ 2",2.64,221,445,666
"CMJ 2",2.642,217.9,445.6,663.5
"CMJ 2",2.644,216.3,445,661.3
"CMJ 2",2.646,216.5,443.4,659.9
"CMJ 2",2.648,215.4,443.3,658.7
"CMJ 2",2.65,213,444.5,657.5
"CMJ 2",2.652,211.8,443.9,655.7
"CMJ 2",2.654,211.8,441.1,652.9
"CMJ 2",2.656,211.6,443.4,655
"CMJ 2",2.658,208.9,446.1,655
"CMJ 2",2.66,210,446.7,656.7
"CMJ 2",2.662,208,448.3,656.3
"CMJ 2",2.664,209.3,448.9,658.2
"CMJ 2",2.666,209.1,449.5,658.6
"CMJ 2",2.668,208.3,453.9,662.2
"CMJ 2",2.67,206.8,455,661.8
"CMJ 2",2.672,206.2,456.7,662.9
"CMJ 2",2.674,205.3,458.9,664.2
"CMJ 2",2.676,206.9,464.5,671.4
"CMJ 2",2.678,205.5,463.9,669.4
"CMJ 2",2.68,204,469.5,673.5
"CMJ 2",2.682,205.2,472.3,677.5
"CMJ 2",2.684,204.8,473.9,678.7
"CMJ 2",2.686,203.9,476.2,680.1
"CMJ 2",2.688,201.9,481.2,683.1
"CMJ 2",2.69,201.8,485.6,687.4
"CMJ 2",2.692,202.8,486.7,689.5
"CMJ 2",2.694,201,491.7,692.7
"CMJ 2",2.696,199.6,496.2,695.8
"CMJ 2",2.698,199.7,499.5,699.2
"CMJ 2",2.7,202.9,505.6,708.5
"CMJ 2",2.702,202.6,510.1,712.7
"CMJ 2",2.704,198.2,512.9,711.1
"CMJ 2",2.706,200.4,515.1,715.5
"CMJ 2",2.708,199.4,521.2,720.6
"CMJ 2",2.71,200.9,526.8,727.7
"CMJ 2",2.712,198.6,529.6,728.2
"CMJ 2",2.714,197.9,530.7,728.6
"CMJ 2",2.716,198.7,534,732.7
"CMJ 2",2.718,200.6,540.1,740.7
"CMJ 2",2.72,200.6,540.7,741.3
"CMJ 2",2.722,198.6,548.5,747.1
"CMJ 2",2.724,198.7,549.6,748.3
"CMJ 2",2.726,200.3,554.6,754.9
"CMJ 2",2.728,199.1,559,758.1
"CMJ 2",2.73,197.3,562.4,759.7
"CMJ 2",2.732,196.8,566.8,763.6
"CMJ 2",2.734,193.8,571.3,765.1
"CMJ 2",2.736,190.8,580.2,771
"CMJ 2",2.738,188.4,588.5,776.9
"CMJ 2",2.74,184.6,594.7,779.3
"CMJ 2",2.742,182.8,601.3,784.1
"CMJ 2",2.744,179.1,605.2,784.3
"CMJ 2",2.746,175.9,612.5,788.4
"CMJ 2",2.748,172.7,620.3,793
"CMJ 2",2.75,168.7,629.7,798.4
"CMJ 2",2.752,166.6,632.5,799.1
"CMJ 2",2.754,160.2,643.1,803.3
"CMJ 2",2.756,156.9,649.8,806.7
"CMJ 2",2.758,154.4,658.7,813.1
"CMJ 2",2.76,149.8,669.2,819
"CMJ 2",2.762,144.6,678.7,823.3
"CMJ 2",2.764,141.8,687,828.8
"CMJ 2",2.766,136.2,697.6,833.8
"CMJ 2",2.768,132.1,706.5,838.6
"CMJ 2",2.77,127.3,716,843.3
"CMJ 2",2.772,123.8,724.3,848.1
"CMJ 2",2.774,120.2,731.5,851.7
"CMJ 2",2.776,117.1,739.9,857
"CMJ 2",2.778,110.5,748.2,858.7
"CMJ 2",2.78,107.8,757.1,864.9
"CMJ 2",2.782,104.5,762.1,866.6
"CMJ 2",2.784,101,769.3,870.3
"CMJ 2",2.786,97.8,773.8,871.6
"CMJ 2",2.788,94.5,781,875.5
"CMJ 2",2.79,91,786.6,877.6
"CMJ 2",2.792,89.1,792.7,881.8
"CMJ 2",2.794,87.2,796.6,883.8
"CMJ 2",2.796,83,801,884
"CMJ 2",2.798,80.3,804.9,885.2
"CMJ 2",2.8,77.7,809.4,887.1
"CMJ 2",2.802,75.7,813.3,889
"CMJ 2",2.804,71.5,812.2,883.7
"CMJ 2",2.806,71.5,816.1,887.6
"CMJ 2",2.808,68.1,817.7,885.8
"CMJ 2",2.81,64.4,819.4,883.8
"CMJ 2",2.812,60,820.5,880.5
"CMJ 2",2.814,55.9,822.7,878.6
"CMJ 2",2.816,55.6,824.4,880
"CMJ 2",2.818,51.5,822.2,873.7
"CMJ 2",2.82,48.6,822.2,870.8
"CMJ 2",2.822,45.5,822.7,868.2
"CMJ 2",2.824,43.6,821.6,865.2
"CMJ 2",2.826,41.1,819.9,861
"CMJ 2",2.828,36.8,817.7,854.5
"CMJ 2",2.83,35.2,816.6,851.8
"CMJ 2",2.832,34.1,815.5,849.6
"CMJ 2",2.834,31.8,813.8,845.6
"CMJ 2",2.836,28.5,811.6,840.1
"CMJ 2",2.838,25.3,809.3,834.6
"CMJ 2",2.84,23.5,808.8,832.3
"CMJ 2",2.842,22.9,806.5,829.4
"CMJ 2",2.844,20.5,801,821.5
"CMJ 2",2.846,19.2,798.8,818
"CMJ 2",2.848,16.8,796.5,813.3
"CMJ 2",2.85,16.8,795.4,812.2
"CMJ 2",2.852,13.9,790.4,804.3
"CMJ 2",2.854,11.1,786.5,797.6
"CMJ 2",2.856,9.4,786,795.4
"CMJ 2",2.858,8.5,782.1,790.6
"CMJ 2",2.86,8,781.5,789.5
"CMJ 2",2.862,6.2,776.5,782.7
"CMJ 2",2.864,0,775.4,775.4
"CMJ 2",2.866,0,773.2,773.2
"CMJ 2",2.868,0,768.7,768.7
"CMJ 2",2.87,0,764.8,764.8
"CMJ 2",2.872,0,762.6,762.6
"CMJ 2",2.874,0,758.1,758.1
"CMJ 2",2.876,0,755.9,755.9
"CMJ 2",2.878,0,752,752
"CMJ 2",2.88,0,750.9,750.9
"CMJ 2",2.882,0,748.1,748.1
"CMJ 2",2.884,0,744.2,744.2
"CMJ 2",2.886,0,741.5,741.5
"CMJ 2",2.888,0,738.1,738.1
"CMJ 2",2.89,0,735.3,735.3
"CMJ 2",2.892,0,729.2,729.2
"CMJ 2",2.894,0,724.2,724.2
"CMJ 2",2.896,0,723.1,723.1
"CMJ 2",2.898,0,722,722
"CMJ 2",2.9,0,717.6,717.6
"CMJ 2",2.902,0,712,712
"CMJ 2",2.904,0,707.5,707.5
"CMJ 2",2.906,0,704.7,704.7
"CMJ 2",2.908,0,699.8,699.8
"CMJ 2",2.91,0,698.6,698.6
"CMJ 2",2.912,0,695.9,695.9
"CMJ 2",2.914,0,693.1,693.1
"CMJ 2",2.916,0,687.5,687.5
"CMJ 2",2.918,0,686.4,686.4
"CMJ 2",2.92,0,684.2,684.2
"CMJ 2",2.922,0,681.4,681.4
"CMJ 2",2.924,0,677.5,677.5
"CMJ 2",2.926,0,674.7,674.7
"CMJ 2",2.928,0,671.9,671.9
"CMJ 2",2.93,0,669.2,669.2
"CMJ 2",2.932,0,665.8,665.8
"CMJ 2",2.934,0,663.6,663.6
"CMJ 2",2.936,0,659.2,659.2
"CMJ 2",2.938,0,657,657
"CMJ 2",2.94,0,655.3,655.3
"CMJ 2",2.942,0,654.2,654.2
"CMJ 2",2.944,0,651.9,651.9
"CMJ 2",2.946,0,649.7,649.7
"CMJ 2",2.948,0,647.5,647.5
"CMJ 2",2.95,0,645.8,645.8
"CMJ 2",2.952,0,643,643
"CMJ 2",2.954,0,641.4,641.4
"CMJ 2",2.956,0,639.2,639.2
"CMJ 2",2.958,0,637.5,637.5
"CMJ 2",2.96,0,634.1,634.1
"CMJ 2",2.962,0,633,633
"CMJ 2",2.964,0,630.8,630.8
"CMJ 2",2.966,0,628,628
"CMJ 2",2.968,0,626.4,626.4
"CMJ 2",2.97,0,624.1,624.1
"CMJ 2",2.972,0,624.1,624.1
"CMJ 2",2.974,0,620.8,620.8
"CMJ 2",2.976,0,621.9,621.9
"CMJ 2",2.978,0,620.8,620.8
"CMJ 2",2.98,0,623,623
"CMJ 2",2.982,0,621.9,621.9
"CMJ 2",2.984,0,623.6,623.6
"CMJ 2",2.986,0,624.7,624.7
"CMJ 2",2.988,0,625.8,625.8
"CMJ 2",2.99,0,627.5,627.5
"CMJ 2",2.992,0,628.6,628.6
"CMJ 2",2.994,0,630.8,630.8
"CMJ 2",2.996,0,635.8,635.8
"CMJ 2",2.998,0,637.5,637.5
"CMJ 2",3,32.9,640.8,673.7
"CMJ 2",3.002,88.3,641.9,730.2
"CMJ 2",3.004,84.7,649.7,734.4
"CMJ 2",3.006,21.3,656.4,677.7
"CMJ 2",3.008,0,655.3,655.3
"CMJ 2",3.01,9.1,654.2,663.3
"CMJ 2",3.012,32.3,671.4,703.7
"CMJ 2",3.014,25.7,679.2,704.9
"CMJ 2",3.016,20.9,675.8,696.7
"CMJ 2",3.018,47.1,677.5,724.6
"CMJ 2",3.02,67.4,691.4,758.8
"CMJ 2",3.022,69.8,699.8,769.6
"CMJ 2",3.024,64.3,698.6,762.9
"CMJ 2",3.026,65.3,697.5,762.8
"CMJ 2",3.028,74,708.1,782.1
"CMJ 2",3.03,78.5,713.7,792.2
"CMJ 2",3.032,112.3,715.9,828.2
"CMJ 2",3.034,169.7,716.4,886.1
"CMJ 2",3.036,173.2,720.3,893.5
"CMJ 2",3.038,165.4,727,892.4
"CMJ 2",3.04,204.6,726.4,931
"CMJ 2",3.042,262.9,725.3,988.2
"CMJ 2",3.044,302.4,731.4,1033.8
"CMJ 2",3.046,308.9,732.5,1041.4
"CMJ 2",3.048,351,718.1,1069.1
"CMJ 2",3.05,381.3,722,1103.3
"CMJ 2",3.052,389.9,716.9,1106.8
"CMJ 2",3.054,391.1,706.9,1098
"CMJ 2",3.056,401.3,695.8,1097.1
"CMJ 2",3.058,406.6,690.2,1096.8
"CMJ 2",3.06,405.8,685.8,1091.6
"CMJ 2",3.062,396.3,673.5,1069.8
"CMJ 2",3.064,389,659.6,1048.6
"CMJ 2",3.066,381,650.2,1031.2
"CMJ 2",3.068,372.1,639.6,1011.7
"CMJ 2",3.07,359.1,630.7,989.8
"CMJ 2",3.072,346,616.2,962.2
"CMJ 2",3.074,333,605.7,938.7
"CMJ 2",3.076,320.9,595.7,916.6
"CMJ 2",3.078,312.4,587.3,899.7
"CMJ 2",3.08,297.7,578.4,876.1
"CMJ 2",3.082,286.1,566.8,852.9
"CMJ 2",3.084,278.6,557.9,836.5
"CMJ 2",3.086,271.6,549.5,821.1
"CMJ 2",3.088,264,540.6,804.6
"CMJ 2",3.09,256.4,533.4,789.8
"CMJ 2",3.092,249.6,527.3,776.9
"CMJ 2",3.094,244.8,520.1,764.9
"CMJ 2",3.096,239.4,515.6,755
"CMJ 2",3.098,235.8,510.6,746.4
"CMJ 2",3.1,232.3,505.6,737.9
"CMJ 2",3.102,231,501.7,732.7
"CMJ 2",3.104,230.7,495.6,726.3
"CMJ 2",3.106,228.7,493.4,722.1
"CMJ 2",3.108,228.5,488.9,717.4
"CMJ 2",3.11,230.8,486.1,716.9
"CMJ 2",3.112,232.7,482.2,714.9
"CMJ 2",3.114,233.2,479.5,712.7
"CMJ 2",3.116,236.8,475,711.8
"CMJ 2",3.118,239,473.3,712.3
"CMJ 2",3.12,243.3,470,713.3
"CMJ 2",3.122,246.1,469.4,715.5
"CMJ 2",3.124,249.8,465.5,715.3
"CMJ 2",3.126,256.8,456.6,713.4
"CMJ 2",3.128,261.3,455,716.3
"CMJ 2",3.13,264.9,452.7,717.6
"CMJ 2",3.132,269.1,447.2,716.3
"CMJ 2",3.134,271.9,443.3,715.2
"CMJ 2",3.136,276.2,438.2,714.4
"CMJ 2",3.138,278.8,434.3,713.1
"CMJ 2",3.14,281,432.7,713.7
"CMJ 2",3.142,286.1,426,712.1
"CMJ 2",3.144,287.7,422.1,709.8
"CMJ 2",3.146,291,416.5,707.5
"CMJ 2",3.148,293.8,411.5,705.3
"CMJ 2",3.15,296.9,408.7,705.6
"CMJ 2",3.152,299.9,402.1,702
"CMJ 2",3.154,300.8,398.2,699
"CMJ 2",3.156,303.8,395.9,699.7
"CMJ 2",3.158,305.4,391.5,696.9
"CMJ 2",3.16,308,387.6,695.6
"CMJ 2",3.162,309.8,383.1,692.9
"CMJ 2",3.164,309.8,379.2,689
"CMJ 2",3.166,311.8,376.4,688.2
"CMJ 2",3.168,314.1,373.7,687.8
"CMJ 2",3.17,315.3,369.2,684.5
"CMJ 2",3.172,314.7,367.5,682.2
"CMJ 2",3.174,316,362.5,678.5
"CMJ 2",3.176,317.9,361.4,679.3
"CMJ 2",3.178,318.7,357.5,676.2
"CMJ 2",3.18,318.9,358.6,677.5
"CMJ 2",3.182,320.8,354.8,675.6
"CMJ 2",3.184,321.2,352.5,673.7
"CMJ 2",3.186,322.5,348.6,671.1
"CMJ 2",3.188,322.9,348.6,671.5
"CMJ 2",3.19,323.2,345.9,669.1
"CMJ 2",3.192,321.9,345.3,667.2
"CMJ 2",3.194,324.5,341.4,665.9
"CMJ 2",3.196,324.9,342,666.9
"CMJ 2",3.198,327.1,339.2,666.3
"CMJ 2",3.2,327.3,339.2,666.5
"CMJ 2",3.202,329.7,337,666.7
"CMJ 2",3.204,330.6,333.6,664.2
"CMJ 2",3.206,331.6,332.5,664.1
"CMJ 2",3.208,333.3,329.7,663
"CMJ 2",3.21,336.3,329.7,666
"CMJ 2",3.212,335.8,325.8,661.6
"CMJ 2",3.214,339,324.7,663.7
"CMJ 2",3.216,340.1,323,663.1
"CMJ 2",3.218,342.5,320.8,663.3
"CMJ 2",3.22,344.1,318,662.1
"CMJ 2",3.222,346.8,318,664.8
"CMJ 2",3.224,349.9,315.2,665.1
"CMJ 2",3.226,352.2,312.5,664.7
"CMJ 2",3.228,355.1,310.8,665.9
"CMJ 2",3.23,357,311.9,668.9
"CMJ 2",3.232,360.4,309.1,669.5
"CMJ 2",3.234,363.7,308.6,672.3
"CMJ 2",3.236,366.3,304.1,670.4
"CMJ 2",3.238,368.4,301.9,670.3
"CMJ 2",3.24,371.3,302.5,673.8
"CMJ 2",3.242,373.9,304.7,678.6
"CMJ 2",3.244,377,299.7,676.7
"CMJ 2",3.246,379.3,300.2,679.5
"CMJ 2",3.248,382.6,300.2,682.8
"CMJ 2",3.25,384.7,300.2,684.9
"CMJ 2",3.252,387.8,299.7,687.5
"CMJ 2",3.254,389.7,300.8,690.5
"CMJ 2",3.256,392.5,299.7,692.2
"CMJ 2",3.258,395.8,300.2,696
"CMJ 2",3.26,397.5,301.3,698.8
"CMJ 2",3.262,400.3,301.3,701.6
"CMJ 2",3.264,402.7,300.2,702.9
"CMJ 2",3.266,405.5,302.4,707.9
"CMJ 2",3.268,407.5,300.8,708.3
"CMJ 2",3.27,409.3,299.7,709
"CMJ 2",3.272,412.4,300.8,713.2
"CMJ 2",3.274,413.5,299.7,713.2
"CMJ 2",3.276,416.2,300.8,717
"CMJ 2",3.278,418.5,299.7,718.2
"CMJ 2",3.28,419.2,299.1,718.3
"CMJ 2",3.282,425,299.1,724.1
"CMJ 2",3.284,428,295.8,723.8
"CMJ 2",3.286,429.8,296.3,726.1
"CMJ 2",3.288,431.5,294.1,725.6
"CMJ 2",3.29,435.2,296.3,731.5
"CMJ 2",3.292,438.2,295.2,733.4
"CMJ 2",3.294,438.1,292.4,730.5
"CMJ 2",3.296,440.6,292.4,733
"CMJ 2",3.298,443.7,291.3,735
"CMJ 2",3.3,445.8,292.4,738.2
"CMJ 2",3.302,448,286.8,734.8
"CMJ 2",3.304,449.9,286.3,736.2
"CMJ 2",3.306,452.9,282.4,735.3
"CMJ 2",3.308,455.8,282.9,738.7
"CMJ 2",3.31,455.7,279.6,735.3
"CMJ 2",3.312,460.8,280.1,740.9
"CMJ 2",3.314,464.4,276.8,741.2
"CMJ 2",3.316,466.8,275.7,742.5
"CMJ 2",3.318,469.8,273.4,743.2
"CMJ 2",3.32,471.6,274,745.6
"CMJ 2",3.322,477.8,270.1,747.9
"CMJ 2",3.324,482.1,268.4,750.5
"CMJ 2",3.326,484.8,269,753.8
"CMJ 2",3.328,488.8,265.6,754.4
"CMJ 2",3.33,492.3,265.1,757.4
"CMJ 2",3.332,499,262.9,761.9
"CMJ 2",3.334,502,259,761
"CMJ 2",3.336,504.6,255.6,760.2
"CMJ 2",3.338,509.5,254.5,764
"CMJ 2",3.34,511.6,253.4,765
"CMJ 2",3.342,515.5,250.1,765.6
"CMJ 2",3.344,516.6,245.1,761.7
"CMJ 2",3.346,519.5,242.8,762.3
"CMJ 2",3.348,520.4,241.2,761.6
"CMJ 2",3.35,521.9,237.3,759.2
"CMJ 2",3.352,521.3,234.5,755.8
"CMJ 2",3.354,520.7,231.1,751.8
"CMJ 2",3.356,520.6,229.5,750.1
"CMJ 2",3.358,518.8,227.8,746.6
"CMJ 2",3.36,517.7,225,742.7
"CMJ 2",3.362,515.9,222.8,738.7
"CMJ 2",3.364,516.3,220.6,736.9
"CMJ 2",3.366,513.6,220,733.6
"CMJ 2",3.368,511.8,218.4,730.2
"CMJ 2",3.37,511.9,217.8,729.7
"CMJ 2",3.372,510.2,216.1,726.3
"CMJ 2",3.374,509.7,213.4,723.1
"CMJ 2",3.376,507.8,211.7,719.5
"CMJ 2",3.378,508.5,210.6,719.1
"CMJ 2",3.38,508.1,210.6,718.7
"CMJ 2",3.382,506.7,209.5,716.2
"CMJ 2",3.384,507.7,207.8,715.5
"CMJ 2",3.386,506.7,205,711.7
"CMJ 2",3.388,506.3,203.9,710.2
"CMJ 2",3.39,504.9,203.9,708.8
"CMJ 2",3.392,505.7,202.2,707.9
"CMJ 2",3.394,507,202.2,709.2
"CMJ 2",3.396,507.3,200.6,707.9
"CMJ 2",3.398,507.5,200,707.5
"CMJ 2",3.4,507.5,197.8,705.3
"CMJ 2",3.402,507.5,196.1,703.6
"CMJ 2",3.404,506.9,195,701.9
"CMJ 2",3.406,509.2,192.8,702
"CMJ 2",3.408,509.3,193.3,702.6
"CMJ 2",3.41,510.4,190.6,701
"CMJ 2",3.412,509.1,191.7,700.8
"CMJ 2",3.414,510.1,190,700.1
"CMJ 2",3.416,510.4,190,700.4
"CMJ 2",3.418,511.4,186.7,698.1
"CMJ 2",3.42,510.3,187.2,697.5
"CMJ 2",3.422,512,187.8,699.8
"CMJ 2",3.424,511.9,185.6,697.5
"CMJ 2",3.426,511.8,183.3,695.1
"CMJ 2",3.428,511.1,182.2,693.3
"CMJ 2",3.43,513,183.9,696.9
"CMJ 2",3.432,512.3,182.8,695.1
"CMJ 2",3.434,512,179.4,691.4
"CMJ 2",3.436,511,176.1,687.1
"CMJ 2",3.438,511.7,175.5,687.2
"CMJ 2",3.44,512.6,175,687.6
"CMJ 2",3.442,511.8,172.8,684.6
"CMJ 2",3.444,512.1,172.2,684.3
"CMJ 2",3.446,512.5,171.7,684.2
"CMJ 2",3.448,512.9,171.1,684
"CMJ 2",3.45,513.2,170.5,683.7
"CMJ 2",3.452,513.2,168.3,681.5
"CMJ 2",3.454,514,166.1,680.1
"CMJ 2",3.456,513.9,166.1,680
"CMJ 2",3.458,514.5,166.1,680.6
"CMJ 2",3.46,513.3,164.4,677.7
"CMJ 2",3.462,514.3,165.5,679.8
"CMJ 2",3.464,513.2,163.3,676.5
"CMJ 2",3.466,515,161.6,676.6
"CMJ 2",3.468,512.5,160,672.5
"CMJ 2",3.47,512.7,159.4,672.1
"CMJ 2",3.472,513.5,158.9,672.4
"CMJ 2",3.474,513.2,157.8,671
"CMJ 2",3.476,513.6,156.1,669.7
"CMJ 2",3.478,512,156.6,668.6
"CMJ 2",3.48,513.9,156.1,670
"CMJ 2",3.482,513.8,157.2,671
"CMJ 2",3.484,513.4,156.6,670
"CMJ 2",3.486,514.2,154.4,668.6
"CMJ 2",3.488,514.7,152.7,667.4
"CMJ 2",3.49,514.6,153.3,667.9
"CMJ 2",3.492,516.1,153.9,670
"CMJ 2",3.494,517.4,152.2,669.6
"CMJ 2",3.496,520.1,152.7,672.8
"CMJ 2",3.498,521.4,150,671.4
"CMJ 2",3.5,522.9,150.5,673.4
"CMJ 2",3.502,525.2,150.5,675.7
"CMJ 2",3.504,526.1,149.4,675.5
"CMJ 2",3.506,530.5,146.6,677.1
"CMJ 2",3.508,533.5,145.5,679
"CMJ 2",3.51,534.4,144.4,678.8
"CMJ 2",3.512,539.9,148.3,688.2
"CMJ 2",3.514,540.1,145,685.1
"CMJ 3",0.002,336.5,386.6,723.1
"CMJ 3",0.004,335.6,388.3,723.9
"CMJ 3",0.006,336.3,387.7,724
"CMJ 3",0.008,336.4,387.2,723.6
"CMJ 3",0.01,336.5,388.8,725.3
"CMJ 3",0.012,335.5,388.8,724.3
"CMJ 3",0.014,337.1,388.3,725.4
"CMJ 3",0.016,336.6,387.7,724.3
"CMJ 3",0.018,336.6,387.7,724.3
"CMJ 3",0.02,337,388.3,725.3
"CMJ 3",0.022,335.6,388.8,724.4
"CMJ 3",0.024,337.6,389.4,727
"CMJ 3",0.026,334.9,388.8,723.7
"CMJ 3",0.028,337.7,387.7,725.4
"CMJ 3",0.03,335.6,386,721.6
"CMJ 3",0.032,336.2,386.6,722.8
"CMJ 3",0.034,336.3,387.7,724
"CMJ 3",0.036,336.3,387.7,724
"CMJ 3",0.038,335.8,386.6,722.4
"CMJ 3",0.04,335.5,389.9,725.4
"CMJ 3",0.042,337.8,389.4,727.2
"CMJ 3",0.044,336.6,390.5,727.1
"CMJ 3",0.046,336.9,389.4,726.3
"CMJ 3",0.048,335.6,389.9,725.5
"CMJ 3",0.05,335.9,388.3,724.2
"CMJ 3",0.052,335.5,388.3,723.8
"CMJ 3",0.054,337.7,388.3,726
"CMJ 3",0.056,337.7,389.4,727.1
"CMJ 3",0.058,337.2,391,728.2
"CMJ 3",0.06,338.2,389.4,727.6
"CMJ 3",0.062,337.1,391.1,728.2
"CMJ 3",0.064,338.2,390.5,728.7
"CMJ 3",0.066,339.5,389.9,729.4
"CMJ 3",0.068,338.7,391,729.7
"CMJ 3",0.07,339.1,390.5,729.6
"CMJ 3",0.072,338.4,392.2,730.6
"CMJ 3",0.074,339,391,730
"CMJ 3",0.076,339.5,388.8,728.3
"CMJ 3",0.078,338.5,390.5,729
"CMJ 3",0.08,339.1,390.5,729.6
"CMJ 3",0.082,339.5,391.1,730.6
"CMJ 3",0.084,338.9,389.4,728.3
"CMJ 3",0.086,338.5,391.1,729.6
"CMJ 3",0.088,338.9,389.9,728.8
"CMJ 3",0.09,338,391.6,729.6
"CMJ 3",0.092,338.5,388.8,727.3
"CMJ 3",0.094,339.5,389.9,729.4
"CMJ 3",0.096,339.3,387.2,726.5
"CMJ 3",0.098,339.9,388.3,728.2
"CMJ 3",0.1,337.5,388.8,726.3
"CMJ 3",0.102,338.2,388.3,726.5
"CMJ 3",0.104,337.5,388.8,726.3
"CMJ 3",0.106,338.7,388.8,727.5
"CMJ 3",0.108,336.8,386.6,723.4
"CMJ 3",0.11,337.6,385.5,723.1
"CMJ 3",0.112,336.7,387.7,724.4
"CMJ 3",0.114,335.8,388.3,724.1
"CMJ 3",0.116,336.1,388.3,724.4
"CMJ 3",0.118,337.5,386,723.5
"CMJ 3",0.12,335.2,385.5,720.7
"CMJ 3",0.122,337.1,386.6,723.7
"CMJ 3",0.124,337.6,386.1,723.7
"CMJ 3",0.126,336.5,386.1,722.6
"CMJ 3",0.128,336.7,386.6,723.3
"CMJ 3",0.13,337.9,384.9,722.8
"CMJ 3",0.132,336.7,384.9,721.6
"CMJ 3",0.134,336.2,384.9,721.1
"CMJ 3",0.136,335.9,385.5,721.4
"CMJ 3",0.138,335.5,385.5,721
"CMJ 3",0.14,337.1,384.9,722
"CMJ 3",0.142,336.2,384.9,721.1
"CMJ 3",0.144,335.7,384.4,720.1
"CMJ 3",0.146,336.2,386.6,722.8
"CMJ 3",0.148,336.7,383.8,720.5
"CMJ 3",0.15,337.7,384.9,722.6
"CMJ 3",0.152,336.5,383.8,720.3
"CMJ 3",0.154,337.1,383.3,720.4
"CMJ 3",0.156,336.7,384.9,721.6
"CMJ 3",0.158,335.9,384.9,720.8
"CMJ 3",0.16,335.8,384.4,720.2
"CMJ 3",0.162,336.7,385.5,722.2
"CMJ 3",0.164,335.7,384.9,720.6
"CMJ 3",0.166,335.4,386.6,722
"CMJ 3",0.168,335.9,386.1,722
"CMJ 3",0.17,336.7,387.2,723.9
"CMJ 3",0.172,337.7,386.6,724.3
"CMJ 3",0.174,336.3,387.1,723.4
"CMJ 3",0.176,337.5,387.2,724.7
"CMJ 3",0.178,337.1,387.2,724.3
"CMJ 3",0.18,336.8,388.3,725.1
"CMJ 3",0.182,337.8,385.5,723.3
"CMJ 3",0.184,336.7,388.3,725
"CMJ 3",0.186,336.9,387.7,724.6
"CMJ 3",0.188,338.6,387.2,725.8
"CMJ 3",0.19,336.7,385.5,722.2
"CMJ 3",0.192,337.2,387.2,724.4
"CMJ 3",0.194,337.2,387.7,724.9
"CMJ 3",0.196,338,388.8,726.8
"CMJ 3",0.198,337.2,386.6,723.8
"CMJ 3",0.2,337.7,387.2,724.9
"CMJ 3",0.202,338.2,387.2,725.4
"CMJ 3",0.204,338.2,388.8,727
"CMJ 3",0.206,338,387.7,725.7
"CMJ 3",0.208,338,388.3,726.3
"CMJ 3",0.21,337.9,389.4,727.3
"CMJ 3",0.212,338.4,388.3,726.7
"CMJ 3",0.214,338.1,387.7,725.8
"CMJ 3",0.216,338.3,387.7,726
"CMJ 3",0.218,340.3,388.3,728.6
"CMJ 3",0.22,338.5,388.3,726.8
"CMJ 3",0.222,340.1,388.3,728.4
"CMJ 3",0.224,339.7,388.3,728
"CMJ 3",0.226,338.7,390.5,729.2
"CMJ 3",0.228,337.8,388.8,726.6
"CMJ 3",0.23,338.4,389.4,727.8
"CMJ 3",0.232,337.9,389.4,727.3
"CMJ 3",0.234,338.8,388.3,727.1
"CMJ 3",0.236,338.8,389.4,728.2
"CMJ 3",0.238,339.2,388.3,727.5
"CMJ 3",0.24,338.3,388.8,727.1
"CMJ 3",0.242,338.7,387.7,726.4
"CMJ 3",0.244,338.9,391.1,730
"CMJ 3",0.246,339.2,387.2,726.4
"CMJ 3",0.248,337.9,387.7,725.6
"CMJ 3",0.25,338.3,386.6,724.9
"CMJ 3",0.252,338.9,388.8,727.7
"CMJ 3",0.254,339.2,388.8,728
"CMJ 3",0.256,339.2,388.3,727.5
"CMJ 3",0.258,338,389.4,727.4
"CMJ 3",0.26,338.3,388.3,726.6
"CMJ 3",0.262,340.2,388.8,729
"CMJ 3",0.264,338.7,387.7,726.4
"CMJ 3",0.266,338.3,388.8,727.1
"CMJ 3",0.268,339.6,387.2,726.8
"CMJ 3",0.27,339.8,386.1,725.9
"CMJ 3",0.272,338.9,385.5,724.4
"CMJ 3",0.274,339,388.8,727.8
"CMJ 3",0.276,339.2,387.2,726.4
"CMJ 3",0.278,341,387.2,728.2
"CMJ 3",0.28,338.3,385.5,723.8
"CMJ 3",0.282,338.9,387.2,726.1
"CMJ 3",0.284,338.3,386.1,724.4
"CMJ 3",0.286,339.2,388.3,727.5
"CMJ 3",0.288,339.2,386.6,725.8
"CMJ 3",0.29,339,386.6,725.6
"CMJ 3",0.292,339.2,387.2,726.4
"CMJ 3",0.294,339.3,387.7,727
"CMJ 3",0.296,339.8,386.6,726.4
"CMJ 3",0.298,339.3,385.5,724.8
"CMJ 3",0.3,339.2,385.5,724.7
"CMJ 3",0.302,339,386.6,725.6
"CMJ 3",0.304,341,386,727
"CMJ 3",0.306,341,385.5,726.5
"CMJ 3",0.308,339.3,386.6,725.9
"CMJ 3",0.31,340.3,385.5,725.8
"CMJ 3",0.312,340.8,384.9,725.7
"CMJ 3",0.314,340.1,384.4,724.5
"CMJ 3",0.316,339.2,384.9,724.1
"CMJ 3",0.318,340.7,385.5,726.2
"CMJ 3",0.32,339.6,386,725.6
"CMJ 3",0.322,339.7,384.9,724.6
"CMJ 3",0.324,339.7,388.8,728.5
"CMJ 3",0.326,340.1,387.7,727.8
"CMJ 3",0.328,339.7,384.4,724.1
"CMJ 3",0.33,339.9,383.8,723.7
"CMJ 3",0.332,339,383.3,722.3
"CMJ 3",0.334,339.9,385.5,725.4
"CMJ 3",0.336,340.1,384.9,725
"CMJ 3",0.338,340.8,384.9,725.7
"CMJ 3",0.34,339.9,382.2,722.1
"CMJ 3",0.342,338.9,383.8,722.7
"CMJ 3",0.344,339.7,386.6,726.3
"CMJ 3",0.346,340.3,385.5,725.8
"CMJ 3",0.348,339,385.5,724.5
"CMJ 3",0.35,340.5,383.8,724.3
"CMJ 3",0.352,339.9,384.9,724.8
"CMJ 3",0.354,339.7,383.8,723.5
"CMJ 3",0.356,340.4,384.9,725.3
"CMJ 3",0.358,340.4,382.7,723.1
"CMJ 3",0.36,341.2,382.7,723.9
"CMJ 3",0.362,339.8,384.4,724.2
"CMJ 3",0.364,340.6,382.2,722.8
"CMJ 3",0.366,341.2,385.5,726.7
"CMJ 3",0.368,340.3,386,726.3
"CMJ 3",0.37,340.3,382.7,723
"CMJ 3",0.372,340.4,383.3,723.7
"CMJ 3",0.374,340.4,382.2,722.6
"CMJ 3",0.376,341.6,383.8,725.4
"CMJ 3",0.378,341.4,383.3,724.7
"CMJ 3",0.38,342.7,383.3,726
"CMJ 3",0.382,340.8,382.2,723
"CMJ 3",0.384,343.2,385.5,728.7
"CMJ 3",0.386,342.5,383.8,726.3
"CMJ 3",0.388,343.2,386.1,729.3
"CMJ 3",0.39,341.3,384.4,725.7
"CMJ 3",0.392,341.5,386.1,727.6
"CMJ 3",0.394,342.8,386.1,728.9
"CMJ 3",0.396,341.3,382.2,723.5
"CMJ 3",0.398,342.5,384.4,726.9
"CMJ 3",0.4,341.8,385.5,727.3
"CMJ 3",0.402,341.1,384.9,726
"CMJ 3",0.404,342.6,384.4,727
"CMJ 3",0.406,341.7,385.5,727.2
"CMJ 3",0.408,341.6,386,727.6
"CMJ 3",0.41,342.2,385.5,727.7
"CMJ 3",0.412,342.6,384.4,727
"CMJ 3",0.414,340.4,386.6,727
"CMJ 3",0.416,342.4,387.1,729.5
"CMJ 3",0.418,342.2,387.1,729.3
"CMJ 3",0.42,341.3,386.1,727.4
"CMJ 3",0.422,341.6,383.8,725.4
"CMJ 3",0.424,341.5,388.3,729.8
"CMJ 3",0.426,340.8,387.2,728
"CMJ 3",0.428,338.7,385.5,724.2
"CMJ 3",0.43,340.8,381.6,722.4
"CMJ 3",0.432,340.4,384.9,725.3
"CMJ 3",0.434,340.3,383.3,723.6
"CMJ 3",0.436,340.4,385.5,725.9
"CMJ 3",0.438,339.9,382.7,722.6
"CMJ 3",0.44,340,384.4,724.4
"CMJ 3",0.442,340.7,384.9,725.6
"CMJ 3",0.444,339.6,384.4,724
"CMJ 3",0.446,340.1,385.5,725.6
"CMJ 3",0.448,338.5,383.8,722.3
"CMJ 3",0.45,338.8,383.8,722.6
"CMJ 3",0.452,339.2,383.3,722.5
"CMJ 3",0.454,339.1,385.5,724.6
"CMJ 3",0.456,339.2,384.4,723.6
"CMJ 3",0.458,339.8,384.9,724.7
"CMJ 3",0.46,340.1,384.4,724.5
"CMJ 3",0.462,339.9,385.5,725.4
"CMJ 3",0.464,339.1,382.2,721.3
"CMJ 3",0.466,340.3,384.4,724.7
"CMJ 3",0.468,340.7,384.4,725.1
"CMJ 3",0.47,339.3,383.3,722.6
"CMJ 3",0.472,338.8,382.7,721.5
"CMJ 3",0.474,340.1,383.8,723.9
"CMJ 3",0.476,340,384.4,724.4
"CMJ 3",0.478,338.8,385.5,724.3
"CMJ 3",0.48,338.8,384.4,723.2
"CMJ 3",0.482,341.6,383.8,725.4
"CMJ 3",0.484,340.2,386.1,726.3
"CMJ 3",0.486,340.1,386.6,726.7
"CMJ 3",0.488,340.3,384.9,725.2
"CMJ 3",0.49,340.2,384.4,724.6
"CMJ 3",0.492,341.1,384.9,726
"CMJ 3",0.494,340.6,385.5,726.1
"CMJ 3",0.496,340.5,384.9,725.4
"CMJ 3",0.498,339.6,384.4,724
"CMJ 3",0.5,338.9,383.8,722.7
"CMJ 3",0.502,340.2,386,726.2
"CMJ 3",0.504,339.8,386.1,725.9
"CMJ 3",0.506,339.3,386.6,725.9
"CMJ 3",0.508,338.8,387.2,726
"CMJ 3",0.51,339.7,384.4,724.1
"CMJ 3",0.512,340.8,386,726.8
"CMJ 3",0.514,338.5,385.5,724
"CMJ 3",0.516,339.9,386.6,726.5
"CMJ 3",0.518,339.3,385.5,724.8
"CMJ 3",0.52,340.6,384.9,725.5
"CMJ 3",0.522,338.5,386.1,724.6
"CMJ 3",0.524,341.3,386.1,727.4
"CMJ 3",0.526,339.2,387.7,726.9
"CMJ 3",0.528,340,388.3,728.3
"CMJ 3",0.53,340.3,385.5,725.8
"CMJ 3",0.532,340.1,386.6,726.7
"CMJ 3",0.534,338.5,384.9,723.4
"CMJ 3",0.536,339.3,387.7,727
"CMJ 3",0.538,340.6,386.6,727.2
"CMJ 3",0.54,340.6,386.6,727.2
"CMJ 3",0.542,340,386.1,726.1
"CMJ 3",0.544,338.8,385.5,724.3
"CMJ 3",0.546,340.8,388.3,729.1
"CMJ 3",0.548,339.3,387.7,727
"CMJ 3",0.55,339.2,384.9,724.1
"CMJ 3",0.552,339.6,386.1,725.7
"CMJ 3",0.554,340.1,385.5,725.6
"CMJ 3",0.556,339.5,387.7,727.2
"CMJ 3",0.558,340.3,386,726.3
"CMJ 3",0.56,338.9,386.1,725
"CMJ 3",0.562,339.2,384.9,724.1
"CMJ 3",0.564,339.3,387.7,727
"CMJ 3",0.566,339.2,387.2,726.4
"CMJ 3",0.568,340.6,386.6,727.2
"CMJ 3",0.57,338.5,386.6,725.1
"CMJ 3",0.572,340.1,386,726.1
"CMJ 3",0.574,339.3,387.2,726.5
"CMJ 3",0.576,338.3,386,724.3
"CMJ 3",0.578,340.1,387.2,727.3
"CMJ 3",0.58,340.5,386.6,727.1
"CMJ 3",0.582,339.3,386,725.3
"CMJ 3",0.584,339.7,386,725.7
"CMJ 3",0.586,339.4,388.8,728.2
"CMJ 3",0.588,341.2,386.6,727.8
"CMJ 3",0.59,339.7,387.2,726.9
"CMJ 3",0.592,341.6,384.9,726.5
"CMJ 3",0.594,339.5,386.6,726.1
"CMJ 3",0.596,339.9,386,725.9
"CMJ 3",0.598,338.9,386.6,725.5
"CMJ 3",0.6,341.2,386.1,727.3
"CMJ 3",0.602,340.2,386.6,726.8
"CMJ 3",0.604,339.7,386.1,725.8
"CMJ 3",0.606,340.8,387.2,728
"CMJ 3",0.608,338.9,387.2,726.1
"CMJ 3",0.61,340.7,386.6,727.3
"CMJ 3",0.612,339.7,386.6,726.3
"CMJ 3",0.614,341.6,385.5,727.1
"CMJ 3",0.616,340.2,386.1,726.3
"CMJ 3",0.618,340.4,387.2,727.6
"CMJ 3",0.62,339.8,385.5,725.3
"CMJ 3",0.622,340.8,384.9,725.7
"CMJ 3",0.624,340.4,383.8,724.2
"CMJ 3",0.626,340.3,385.5,725.8
"CMJ 3",0.628,339.8,386.6,726.4
"CMJ 3",0.63,339.5,383.8,723.3
"CMJ 3",0.632,340.4,384.9,725.3
"CMJ 3",0.634,339.3,386.1,725.4
"CMJ 3",0.636,340.7,386,726.7
"CMJ 3",0.638,339.8,384.4,724.2
"CMJ 3",0.64,341.1,383.8,724.9
"CMJ 3",0.642,338.9,383.3,722.2
"CMJ 3",0.644,339.8,385.5,725.3
"CMJ 3",0.646,339.6,385,724.6
"CMJ 3",0.648,339.8,382.2,722
"CMJ 3",0.65,340.3,383.8,724.1
"CMJ 3",0.652,340.3,384.9,725.2
"CMJ 3",0.654,341.8,383.3,725.1
"CMJ 3",0.656,341.1,386.1,727.2
"CMJ 3",0.658,341.8,384.4,726.2
"CMJ 3",0.66,341.4,386.1,727.5
"CMJ 3",0.662,342,384.4,726.4
"CMJ 3",0.664,340.4,385.5,725.9
"CMJ 3",0.666,340.9,385.5,726.4
"CMJ 3",0.668,340.2,385.5,725.7
"CMJ 3",0.67,341.5,386.6,728.1
"CMJ 3",0.672,340.9,383.8,724.7
"CMJ 3",0.674,340.6,381.6,722.2
"CMJ 3",0.676,340.7,384.9,725.6
"CMJ 3",0.678,338.7,384.4,723.1
"CMJ 3",0.68,340.8,383.8,724.6
"CMJ 3",0.682,339.7,383.3,723
"CMJ 3",0.684,339.2,383.3,722.5
"CMJ 3",0.686,341.5,385.5,727
"CMJ 3",0.688,341,383.3,724.3
"CMJ 3",0.69,341,383.3,724.3
"CMJ 3",0.692,340.3,384.4,724.7
"CMJ 3",0.694,341,384.4,725.4
"CMJ 3",0.696,341.4,386.1,727.5
"CMJ 3",0.698,339.5,383.8,723.3
"CMJ 3",0.7,340.6,385.5,726.1
"CMJ 3",0.702,340,385.5,725.5
"CMJ 3",0.704,340.1,384.4,724.5
"CMJ 3",0.706,338.9,385.5,724.4
"CMJ 3",0.708,340.2,385.5,725.7
"CMJ 3",0.71,339.9,386.6,726.5
"CMJ 3",0.712,338.7,384.4,723.1
"CMJ 3",0.714,339.7,386.6,726.3
"CMJ 3",0.716,341.4,384.9,726.3
"CMJ 3",0.718,339.7,386.6,726.3
"CMJ 3",0.72,340.4,384.9,725.3
"CMJ 3",0.722,341,387.2,728.2
"CMJ 3",0.724,339.7,385.5,725.2
"CMJ 3",0.726,340.2,388.3,728.5
"CMJ 3",0.728,341,387.7,728.7
"CMJ 3",0.73,341,384.4,725.4
"CMJ 3",0.732,340.3,385.5,725.8
"CMJ 3",0.734,340.6,386.1,726.7
"CMJ 3",0.736,341.2,388.3,729.5
"CMJ 3",0.738,341.9,386.1,728
"CMJ 3",0.74,341,385.5,726.5
"CMJ 3",0.742,341.9,385.5,727.4
"CMJ 3",0.744,341.5,387.7,729.2
"CMJ 3",0.746,342.4,386.1,728.5
"CMJ 3",0.748,340.9,385.5,726.4
"CMJ 3",0.75,341.4,384.9,726.3
"CMJ 3",0.752,342.1,384.4,726.5
"CMJ 3",0.754,344.1,385.5,729.6
"CMJ 3",0.756,342.2,387.7,729.9
"CMJ 3",0.758,341.8,387.2,729
"CMJ 3",0.76,344.2,384.4,728.6
"CMJ 3",0.762,342.4,386.6,729
"CMJ 3",0.764,342.3,384.4,726.7
"CMJ 3",0.766,341.9,384.9,726.8
"CMJ 3",0.768,341.4,384.9,726.3
"CMJ 3",0.77,342.8,383.8,726.6
"CMJ 3",0.772,341,383.8,724.8
"CMJ 3",0.774,341.3,384.4,725.7
"CMJ 3",0.776,340.9,383.8,724.7
"CMJ 3",0.778,341,384.9,725.9
"CMJ 3",0.78,341.2,382.7,723.9
"CMJ 3",0.782,341.5,384.4,725.9
"CMJ 3",0.784,341.8,382.2,724
"CMJ 3",0.786,339.9,381,720.9
"CMJ 3",0.788,341,383.8,724.8
"CMJ 3",0.79,341.6,383.8,725.4
"CMJ 3",0.792,341.5,383.3,724.8
"CMJ 3",0.794,341,383.8,724.8
"CMJ 3",0.796,339.7,382.2,721.9
"CMJ 3",0.798,340.7,383.3,724
"CMJ 3",0.8,340.5,382.2,722.7
"CMJ 3",0.802,341,381.6,722.6
"CMJ 3",0.804,341.3,382.7,724
"CMJ 3",0.806,340.7,382.2,722.9
"CMJ 3",0.808,341.4,381.1,722.5
"CMJ 3",0.81,341.9,382.7,724.6
"CMJ 3",0.812,341.4,382.2,723.6
"CMJ 3",0.814,341.6,381.1,722.7
"CMJ 3",0.816,342.6,382.2,724.8
"CMJ 3",0.818,342.5,381.6,724.1
"CMJ 3",0.82,342.4,382.7,725.1
"CMJ 3",0.822,342.2,381.6,723.8
"CMJ 3",0.824,342.4,384.4,726.8
"CMJ 3",0.826,342.5,382.7,725.2
"CMJ 3",0.828,342.3,383.3,725.6
"CMJ 3",0.83,341.8,380.5,722.3
"CMJ 3",0.832,341.9,382.2,724.1
"CMJ 3",0.834,342,381.6,723.6
"CMJ 3",0.836,342.9,383.3,726.2
"CMJ 3",0.838,342.3,380.5,722.8
"CMJ 3",0.84,341.8,382.2,724
"CMJ 3",0.842,342.9,380.5,723.4
"CMJ 3",0.844,342.8,382.7,725.5
"CMJ 3",0.846,342.4,383.3,725.7
"CMJ 3",0.848,343.7,382.2,725.9
"CMJ 3",0.85,341.2,382.2,723.4
"CMJ 3",0.852,342.5,381.6,724.1
"CMJ 3",0.854,343.1,382.2,725.3
"CMJ 3",0.856,341.6,381.6,723.2
"CMJ 3",0.858,341.9,383.8,725.7
"CMJ 3",0.86,342.9,384.4,727.3
"CMJ 3",0.862,342.9,382.2,725.1
"CMJ 3",0.864,343.3,382.2,725.5
"CMJ 3",0.866,342.5,383.3,725.8
"CMJ 3",0.868,342.3,383.3,725.6
"CMJ 3",0.87,343.8,382.2,726
"CMJ 3",0.872,343.3,382.7,726
"CMJ 3",0.874,343.1,383.3,726.4
"CMJ 3",0.876,344.1,383.8,727.9
"CMJ 3",0.878,343.5,382.7,726.2
"CMJ 3",0.88,344.4,383.8,728.2
"CMJ 3",0.882,344.6,384.9,729.5
"CMJ 3",0.884,343.5,384.4,727.9
"CMJ 3",0.886,344.6,384.4,729
"CMJ 3",0.888,345.4,384.4,729.8
"CMJ 3",0.89,343.4,386.1,729.5
"CMJ 3",0.892,344.5,385,729.5
"CMJ 3",0.894,344.9,384.4,729.3
"CMJ 3",0.896,342.6,383.8,726.4
"CMJ 3",0.898,343.2,384.4,727.6
"CMJ 3",0.9,345,383.8,728.8
"CMJ 3",0.902,344,384.4,728.4
"CMJ 3",0.904,344.1,384.9,729
"CMJ 3",0.906,345.5,385.5,731
"CMJ 3",0.908,343.1,384.4,727.5
"CMJ 3",0.91,345.4,384.4,729.8
"CMJ 3",0.912,345,383.8,728.8
"CMJ 3",0.914,345.4,383.8,729.2
"CMJ 3",0.916,345,385.5,730.5
"CMJ 3",0.918,343.9,382.7,726.6
"CMJ 3",0.92,343.9,386.1,730
"CMJ 3",0.922,343.5,384.9,728.4
"CMJ 3",0.924,343.6,383.8,727.4
"CMJ 3",0.926,345,385,730
"CMJ 3",0.928,344.6,385.5,730.1
"CMJ 3",0.93,344.4,382.2,726.6
"CMJ 3",0.932,342.6,381.6,724.2
"CMJ 3",0.934,343.6,383.8,727.4
"CMJ 3",0.936,344.3,381.1,725.4
"CMJ 3",0.938,343,382.7,725.7
"CMJ 3",0.94,343.6,383.3,726.9
"CMJ 3",0.942,342.5,382.2,724.7
"CMJ 3",0.944,343.5,384.4,727.9
"CMJ 3",0.946,342.5,381.1,723.6
"CMJ 3",0.948,343.9,381.6,725.5
"CMJ 3",0.95,341.5,381.6,723.1
"CMJ 3",0.952,342.2,382.7,724.9
"CMJ 3",0.954,342.5,383.3,725.8
"CMJ 3",0.956,341.4,382.7,724.1
"CMJ 3",0.958,342.7,383.8,726.5
"CMJ 3",0.96,343.9,382.2,726.1
"CMJ 3",0.962,342.9,381.1,724
"CMJ 3",0.964,342.2,382.7,724.9
"CMJ 3",0.966,343,381.6,724.6
"CMJ 3",0.968,342.9,382.7,725.6
"CMJ 3",0.97,342.6,382.2,724.8
"CMJ 3",0.972,342.3,382.7,725
"CMJ 3",0.974,343,382.7,725.7
"CMJ 3",0.976,342.4,383.3,725.7
"CMJ 3",0.978,343.6,383.8,727.4
"CMJ 3",0.98,342.5,384.9,727.4
"CMJ 3",0.982,340.8,382.7,723.5
"CMJ 3",0.984,342.6,384.4,727
"CMJ 3",0.986,343.5,384.9,728.4
"CMJ 3",0.988,342.7,385.5,728.2
"CMJ 3",0.99,344.7,384.9,729.6
"CMJ 3",0.992,343,384.4,727.4
"CMJ 3",0.994,342.6,384.9,727.5
"CMJ 3",0.996,342.4,383.3,725.7
"CMJ 3",0.998,341.5,386.1,727.6
"CMJ 3",1,342.8,384.4,727.2
"CMJ 3",1.002,342.1,383.8,725.9
"CMJ 3",1.004,344.1,384.4,728.5
"CMJ 3",1.006,343.4,386.1,729.5
"CMJ 3",1.008,343,386.1,729.1
"CMJ 3",1.01,342.6,385.5,728.1
"CMJ 3",1.012,342.6,385.5,728.1
"CMJ 3",1.014,342.5,383.3,725.8
"CMJ 3",1.016,341.7,386.1,727.8
"CMJ 3",1.018,342.5,384.9,727.4
"CMJ 3",1.02,343.1,384.4,727.5
"CMJ 3",1.022,343,384.4,727.4
"CMJ 3",1.024,342.2,384.4,726.6
"CMJ 3",1.026,342.1,383.8,725.9
"CMJ 3",1.028,343.2,383.3,726.5
"CMJ 3",1.03,341.1,384.4,725.5
"CMJ 3",1.032,343,383.3,726.3
"CMJ 3",1.034,342.8,385.5,728.3
"CMJ 3",1.036,343.6,384.9,728.5
"CMJ 3",1.038,342.6,384.9,727.5
"CMJ 3",1.04,342.8,384.4,727.2
"CMJ 3",1.042,342.5,384.9,727.4
"CMJ 3",1.044,341.7,386.1,727.8
"CMJ 3",1.046,341.3,385.5,726.8
"CMJ 3",1.048,343.1,386.1,729.2
"CMJ 3",1.05,343.1,386.1,729.2
"CMJ 3",1.052,342.3,386.1,728.4
"CMJ 3",1.054,343,384.4,727.4
"CMJ 3",1.056,342.1,386,728.1
"CMJ 3",1.058,342.2,386.1,728.3
"CMJ 3",1.06,341.3,384.4,725.7
"CMJ 3",1.062,342.6,384.9,727.5
"CMJ 3",1.064,341.7,384.4,726.1
"CMJ 3",1.066,343.1,386.1,729.2
"CMJ 3",1.068,343.6,386.1,729.7
"CMJ 3",1.07,342.5,384.9,727.4
"CMJ 3",1.072,342.9,386,728.9
"CMJ 3",1.074,343.5,386.6,730.1
"CMJ 3",1.076,341.8,386.1,727.9
"CMJ 3",1.078,342.3,385.5,727.8
"CMJ 3",1.08,341.3,383.8,725.1
"CMJ 3",1.082,342.9,385.5,728.4
"CMJ 3",1.084,342.6,385.5,728.1
"CMJ 3",1.086,342,388.3,730.3
"CMJ 3",1.088,342.1,384.4,726.5
"CMJ 3",1.09,342.4,386.1,728.5
"CMJ 3",1.092,343,387.2,730.2
"CMJ 3",1.094,342.9,386.6,729.5
"CMJ 3",1.096,342,387.2,729.2
"CMJ 3",1.098,340.5,386.1,726.6
"CMJ 3",1.1,341.6,386.6,728.2
"CMJ 3",1.102,341.2,387.2,728.4
"CMJ 3",1.104,340.8,386.6,727.4
"CMJ 3",1.106,341.1,387.7,728.8
"CMJ 3",1.108,340.2,386.6,726.8
"CMJ 3",1.11,340.9,385.5,726.4
"CMJ 3",1.112,340.4,386.1,726.5
"CMJ 3",1.114,340.1,384.9,725
"CMJ 3",1.116,341.5,386.6,728.1
"CMJ 3",1.118,342.2,387.2,729.4
"CMJ 3",1.12,342.5,388.3,730.8
"CMJ 3",1.122,341,387.2,728.2
"CMJ 3",1.124,342.2,386.1,728.3
"CMJ 3",1.126,343.1,387.7,730.8
"CMJ 3",1.128,342.1,385.5,727.6
"CMJ 3",1.13,341.8,383.8,725.6
"CMJ 3",1.132,341.3,387.2,728.5
"CMJ 3",1.134,341.4,384.9,726.3
"CMJ 3",1.136,341.1,387.2,728.3
"CMJ 3",1.138,341.7,386.1,727.8
"CMJ 3",1.14,341.8,385.5,727.3
"CMJ 3",1.142,342,384.9,726.9
"CMJ 3",1.144,341.1,386,727.1
"CMJ 3",1.146,341.3,386.1,727.4
"CMJ 3",1.148,341.8,387.2,729
"CMJ 3",1.15,342.2,384.9,727.1
"CMJ 3",1.152,342.6,386.1,728.7
"CMJ 3",1.154,341.4,384.9,726.3
"CMJ 3",1.156,343,387.2,730.2
"CMJ 3",1.158,342,386,728
"CMJ 3",1.16,341.1,386.1,727.2
"CMJ 3",1.162,341.1,387.2,728.3
"CMJ 3",1.164,341.3,385.5,726.8
"CMJ 3",1.166,342.4,384.9,727.3
"CMJ 3",1.168,342.4,386.1,728.5
"CMJ 3",1.17,340.3,386.1,726.4
"CMJ 3",1.172,341.4,387.2,728.6
"CMJ 3",1.174,341.7,386,727.7
"CMJ 3",1.176,341.8,388.3,730.1
"CMJ 3",1.178,341.2,387.2,728.4
"CMJ 3",1.18,340.4,386.6,727
"CMJ 3",1.182,342.6,386,728.6
"CMJ 3",1.184,342.2,387.7,729.9
"CMJ 3",1.186,342.8,388.8,731.6
"CMJ 3",1.188,341.8,387.2,729
"CMJ 3",1.19,343.1,387.7,730.8
"CMJ 3",1.192,342.6,386.6,729.2
"CMJ 3",1.194,342.8,387.7,730.5
"CMJ 3",1.196,342.4,388.3,730.7
"CMJ 3",1.198,342.3,388.3,730.6
"CMJ 3",1.2,340.1,386.1,726.2
"CMJ 3",1.202,342.2,388.3,730.5
"CMJ 3",1.204,342.2,387.7,729.9
"CMJ 3",1.206,341.5,387.7,729.2
"CMJ 3",1.208,340.6,388.3,728.9
"CMJ 3",1.21,340.2,387.7,727.9
"CMJ 3",1.212,340.3,385.5,725.8
"CMJ 3",1.214,339.7,385.5,725.2
"CMJ 3",1.216,340.1,386.6,726.7
"CMJ 3",1.218,340.7,386.1,726.8
"CMJ 3",1.22,339.8,384.9,724.7
"CMJ 3",1.222,340.7,386.6,727.3
"CMJ 3",1.224,340.2,384.9,725.1
"CMJ 3",1.226,341.2,387.7,728.9
"CMJ 3",1.228,340.2,388.3,728.5
"CMJ 3",1.23,339.1,384.9,724
"CMJ 3",1.232,340.3,385.5,725.8
"CMJ 3",1.234,340.7,384.4,725.1
"CMJ 3",1.236,340.6,384.9,725.5
"CMJ 3",1.238,339.9,384.9,724.8
"CMJ 3",1.24,341,385.5,726.5
"CMJ 3",1.242,340.5,385.5,726
"CMJ 3",1.244,340.4,384.9,725.3
"CMJ 3",1.246,341.3,385.5,726.8
"CMJ 3",1.248,341.7,386,727.7
"CMJ 3",1.25,341.3,384.9,726.2
"CMJ 3",1.252,341.3,385.5,726.8
"CMJ 3",1.254,343,386,729
"CMJ 3",1.256,340.7,387.2,727.9
"CMJ 3",1.258,342,386.6,728.6
"CMJ 3",1.26,343,386.6,729.6
"CMJ 3",1.262,343,386.6,729.6
"CMJ 3",1.264,342.5,386.6,729.1
"CMJ 3",1.266,341.2,387.7,728.9
"CMJ 3",1.268,342.8,386.1,728.9
"CMJ 3",1.27,342.7,385.5,728.2
"CMJ 3",1.272,344,385.5,729.5
"CMJ 3",1.274,343.1,384.4,727.5
"CMJ 3",1.276,343.7,385.5,729.2
"CMJ 3",1.278,342.8,385.5,728.3
"CMJ 3",1.28,343.6,387.2,730.8
"CMJ 3",1.282,342.2,386.6,728.8
"CMJ 3",1.284,343.5,388.8,732.3
"CMJ 3",1.286,344.5,388.3,732.8
"CMJ 3",1.288,342.8,388.8,731.6
"CMJ 3",1.29,342.9,388.3,731.2
"CMJ 3",1.292,342.9,388.3,731.2
"CMJ 3",1.294,342.6,388.3,730.9
"CMJ 3",1.296,342.8,387.7,730.5
"CMJ 3",1.298,341.5,387.2,728.7
"CMJ 3",1.3,341.6,386,727.6
"CMJ 3",1.302,342.1,386.6,728.7
"CMJ 3",1.304,341.9,386,727.9
"CMJ 3",1.306,341.7,386.6,728.3
"CMJ 3",1.308,341.2,385.5,726.7
"CMJ 3",1.31,341,386,727
"CMJ 3",1.312,341.6,386.6,728.2
"CMJ 3",1.314,341.1,385.5,726.6
"CMJ 3",1.316,341.5,386.1,727.6
"CMJ 3",1.318,341.6,385.5,727.1
"CMJ 3",1.32,341.4,386.1,727.5
"CMJ 3",1.322,341.7,385.5,727.2
"CMJ 3",1.324,342.4,385.5,727.9
"CMJ 3",1.326,343,384.9,727.9
"CMJ 3",1.328,342.8,385.5,728.3
"CMJ 3",1.33,341.7,385.5,727.2
"CMJ 3",1.332,342.2,384.9,727.1
"CMJ 3",1.334,343.1,386.1,729.2
"CMJ 3",1.336,342.1,384.9,727
"CMJ 3",1.338,343.4,386.1,729.5
"CMJ 3",1.34,344.3,383.3,727.6
"CMJ 3",1.342,344.6,383.8,728.4
"CMJ 3",1.344,344.7,382.7,727.4
"CMJ 3",1.346,343.9,386.6,730.5
"CMJ 3",1.348,343.9,384.4,728.3
"CMJ 3",1.35,344.8,385,729.8
"CMJ 3",1.352,345.9,384.4,730.3
"CMJ 3",1.354,344.7,384.4,729.1
"CMJ 3",1.356,346.1,386.6,732.7
"CMJ 3",1.358,345.6,384.9,730.5
"CMJ 3",1.36,345.7,383.8,729.5
"CMJ 3",1.362,346.1,381.6,727.7
"CMJ 3",1.364,345.9,383.8,729.7
"CMJ 3",1.366,345.9,383.3,729.2
"CMJ 3",1.368,346.9,383.8,730.7
"CMJ 3",1.37,346.5,381.6,728.1
"CMJ 3",1.372,346.1,381.6,727.7
"CMJ 3",1.374,347.5,381.6,729.1
"CMJ 3",1.376,347.4,381.1,728.5
"CMJ 3",1.378,347,382.7,729.7
"CMJ 3",1.38,346.1,381.1,727.2
"CMJ 3",1.382,348.4,382.7,731.1
"CMJ 3",1.384,347.5,381.1,728.6
"CMJ 3",1.386,349.4,381.1,730.5
"CMJ 3",1.388,348.7,382.7,731.4
"CMJ 3",1.39,349.3,380.5,729.8
"CMJ 3",1.392,349.2,379.4,728.6
"CMJ 3",1.394,349.7,380,729.7
"CMJ 3",1.396,348.4,377.2,725.6
"CMJ 3",1.398,349.7,380,729.7
"CMJ 3",1.4,349.6,377.2,726.8
"CMJ 3",1.402,349.1,378.3,727.4
"CMJ 3",1.404,350.1,376.1,726.2
"CMJ 3",1.406,350.7,377.2,727.9
"CMJ 3",1.408,350.4,377.7,728.1
"CMJ 3",1.41,350.3,376.6,726.9
"CMJ 3",1.412,350.1,373.9,724
"CMJ 3",1.414,351.4,377.2,728.6
"CMJ 3",1.416,350.2,376.1,726.3
"CMJ 3",1.418,351,375,726
"CMJ 3",1.42,351,374.4,725.4
"CMJ 3",1.422,350.8,375,725.8
"CMJ 3",1.424,351,375.5,726.5
"CMJ 3",1.426,349.6,376.6,726.2
"CMJ 3",1.428,351.5,372.7,724.2
"CMJ 3",1.43,351,373.9,724.9
"CMJ 3",1.432,351.9,372.2,724.1
"CMJ 3",1.434,349.9,373.3,723.2
"CMJ 3",1.436,350.4,373.3,723.7
"CMJ 3",1.438,350.7,374.4,725.1
"CMJ 3",1.44,351.3,371.6,722.9
"CMJ 3",1.442,350,371.1,721.1
"CMJ 3",1.444,350.4,372.8,723.2
"CMJ 3",1.446,351.3,372.2,723.5
"CMJ 3",1.448,351.7,372.8,724.5
"CMJ 3",1.45,353,370.5,723.5
"CMJ 3",1.452,351.8,370.6,722.4
"CMJ 3",1.454,352.2,370.5,722.7
"CMJ 3",1.456,353.6,370.5,724.1
"CMJ 3",1.458,353.9,367.8,721.7
"CMJ 3",1.46,354.7,370.6,725.3
"CMJ 3",1.462,353.9,366.7,720.6
"CMJ 3",1.464,356,367.8,723.8
"CMJ 3",1.466,355.7,368.3,724
"CMJ 3",1.468,356.5,370,726.5
"CMJ 3",1.47,357.5,367.2,724.7
"CMJ 3",1.472,357.7,366.1,723.8
"CMJ 3",1.474,359.2,367.8,727
"CMJ 3",1.476,358.4,366.7,725.1
"CMJ 3",1.478,357.9,366.7,724.6
"CMJ 3",1.48,357.8,363.3,721.1
"CMJ 3",1.482,359,365.6,724.6
"CMJ 3",1.484,359,365.6,724.6
"CMJ 3",1.486,359.1,365.6,724.7
"CMJ 3",1.488,358.8,363.9,722.7
"CMJ 3",1.49,358.4,362.8,721.2
"CMJ 3",1.492,358.1,361.7,719.8
"CMJ 3",1.494,359.6,361.1,720.7
"CMJ 3",1.496,357.2,362.3,719.5
"CMJ 3",1.498,360,362.8,722.8
"CMJ 3",1.5,357.6,361.7,719.3
"CMJ 3",1.502,356,362.3,718.3
"CMJ 3",1.504,356.9,361.2,718.1
"CMJ 3",1.506,356.3,362.8,719.1
"CMJ 3",1.508,356.8,360.6,717.4
"CMJ 3",1.51,356.8,361.2,718
"CMJ 3",1.512,355,361.2,716.2
"CMJ 3",1.514,354.6,361.7,716.3
"CMJ 3",1.516,355.1,364,719.1
"CMJ 3",1.518,355.3,363.4,718.7
"CMJ 3",1.52,354.7,362.8,717.5
"CMJ 3",1.522,354.8,362.3,717.1
"CMJ 3",1.524,354.4,361.2,715.6
"CMJ 3",1.526,353.9,363.4,717.3
"CMJ 3",1.528,354.3,361.2,715.5
"CMJ 3",1.53,355.3,362.8,718.1
"CMJ 3",1.532,354.4,361.2,715.6
"CMJ 3",1.534,354.4,361.7,716.1
"CMJ 3",1.536,353.2,361.2,714.4
"CMJ 3",1.538,354.3,360.6,714.9
"CMJ 3",1.54,353,361.2,714.2
"CMJ 3",1.542,353,361.8,714.8
"CMJ 3",1.544,353.2,361.2,714.4
"CMJ 3",1.546,353.7,362.9,716.6
"CMJ 3",1.548,352.4,360.7,713.1
"CMJ 3",1.55,353.8,361.2,715
"CMJ 3",1.552,354.2,361.2,715.4
"CMJ 3",1.554,355,359.5,714.5
"CMJ 3",1.556,353,361.8,714.8
"CMJ 3",1.558,354,359,713
"CMJ 3",1.56,354.4,360.7,715.1
"CMJ 3",1.562,353.7,359.5,713.2
"CMJ 3",1.564,354.6,357.3,711.9
"CMJ 3",1.566,355.2,359,714.2
"CMJ 3",1.568,355.4,360.1,715.5
"CMJ 3",1.57,354.5,360.1,714.6
"CMJ 3",1.572,356.2,359.6,715.8
"CMJ 3",1.574,356.2,360.1,716.3
"CMJ 3",1.576,355.5,360.1,715.6
"CMJ 3",1.578,356.1,357.9,714
"CMJ 3",1.58,357.4,360.7,718.1
"CMJ 3",1.582,356.6,359,715.6
"CMJ 3",1.584,357.1,358.5,715.6
"CMJ 3",1.586,356.7,360.7,717.4
"CMJ 3",1.588,358.5,360.1,718.6
"CMJ 3",1.59,358.7,359.6,718.3
"CMJ 3",1.592,357.8,360.7,718.5
"CMJ 3",1.594,357.9,358.5,716.4
"CMJ 3",1.596,358.4,361.3,719.7
"CMJ 3",1.598,358.1,360.1,718.2
"CMJ 3",1.6,358.1,361.8,719.9
"CMJ 3",1.602,359.1,361.8,720.9
"CMJ 3",1.604,357.3,360.7,718
"CMJ 3",1.606,358.2,361.8,720
"CMJ 3",1.608,358.4,361.8,720.2
"CMJ 3",1.61,358.7,362.4,721.1
"CMJ 3",1.612,357.6,362.4,720
"CMJ 3",1.614,358.7,361.3,720
"CMJ 3",1.616,359.6,361.8,721.4
"CMJ 3",1.618,359.1,360.7,719.8
"CMJ 3",1.62,359.6,361.3,720.9
"CMJ 3",1.622,359.1,360.7,719.8
"CMJ 3",1.624,359.3,360.7,720
"CMJ 3",1.626,358.8,360.7,719.5
"CMJ 3",1.628,358.4,361.3,719.7
"CMJ 3",1.63,359,359.6,718.6
"CMJ 3",1.632,359.1,358.5,717.6
"CMJ 3",1.634,356.9,358.5,715.4
"CMJ 3",1.636,358.3,359.1,717.4
"CMJ 3",1.638,357.5,357.9,715.4
"CMJ 3",1.64,357.6,357.4,715
"CMJ 3",1.642,358.2,355.7,713.9
"CMJ 3",1.644,357.4,355.2,712.6
"CMJ 3",1.646,356.1,356.3,712.4
"CMJ 3",1.648,357.3,353.5,710.8
"CMJ 3",1.65,357.5,354.1,711.6
"CMJ 3",1.652,357.9,352.4,710.3
"CMJ 3",1.654,357.2,352.9,710.1
"CMJ 3",1.656,356.4,354,710.4
"CMJ 3",1.658,356.8,351.3,708.1
"CMJ 3",1.66,356.8,351.3,708.1
"CMJ 3",1.662,355.8,351.8,707.6
"CMJ 3",1.664,357,351.8,708.8
"CMJ 3",1.666,355.4,353.5,708.9
"CMJ 3",1.668,357.5,352.4,709.9
"CMJ 3",1.67,355,352.4,707.4
"CMJ 3",1.672,356.1,352.9,709
"CMJ 3",1.674,354,351.3,705.3
"CMJ 3",1.676,354.4,352.4,706.8
"CMJ 3",1.678,353.6,352.4,706
"CMJ 3",1.68,354.1,351.8,705.9
"CMJ 3",1.682,353.7,354.1,707.8
"CMJ 3",1.684,352.3,353,705.3
"CMJ 3",1.686,353.4,355.2,708.6
"CMJ 3",1.688,352.5,354.1,706.6
"CMJ 3",1.69,351.2,355.2,706.4
"CMJ 3",1.692,352.1,352.9,705
"CMJ 3",1.694,352.1,353.5,705.6
"CMJ 3",1.696,351.3,350.7,702
"CMJ 3",1.698,350.3,351.3,701.6
"CMJ 3",1.7,349.6,353,702.6
"CMJ 3",1.702,348.6,350.2,698.8
"CMJ 3",1.704,350,347.4,697.4
"CMJ 3",1.706,349.2,349.1,698.3
"CMJ 3",1.708,346.9,348,694.9
"CMJ 3",1.71,346.8,346.3,693.1
"CMJ 3",1.712,345.7,345.7,691.4
"CMJ 3",1.714,344.5,344.1,688.6
"CMJ 3",1.716,345.8,341.3,687.1
"CMJ 3",1.718,343,341.3,684.3
"CMJ 3",1.72,345,338.5,683.5
"CMJ 3",1.722,341.8,335.7,677.5
"CMJ 3",1.724,340.6,336.3,676.9
"CMJ 3",1.726,338.3,333.5,671.8
"CMJ 3",1.728,338.1,331.8,669.9
"CMJ 3",1.73,337,330.7,667.7
"CMJ 3",1.732,335.7,326.9,662.6
"CMJ 3",1.734,334.8,324.1,658.9
"CMJ 3",1.736,334.7,326.9,661.6
"CMJ 3",1.738,331.5,325.2,656.7
"CMJ 3",1.74,333.3,321.8,655.1
"CMJ 3",1.742,331.4,321.8,653.2
"CMJ 3",1.744,330.5,318,648.5
"CMJ 3",1.746,329.2,319.1,648.3
"CMJ 3",1.748,328.7,318,646.7
"CMJ 3",1.75,325.5,315.7,641.2
"CMJ 3",1.752,326,314.1,640.1
"CMJ 3",1.754,324.3,311.9,636.2
"CMJ 3",1.756,323.6,314.1,637.7
"CMJ 3",1.758,321.3,311.9,633.2
"CMJ 3",1.76,319.6,311.3,630.9
"CMJ 3",1.762,317.6,310.8,628.4
"CMJ 3",1.764,316.2,308.5,624.7
"CMJ 3",1.766,314,308.5,622.5
"CMJ 3",1.768,312.5,308,620.5
"CMJ 3",1.77,311.2,306.3,617.5
"CMJ 3",1.772,309.5,307.4,616.9
"CMJ 3",1.774,307.5,306.3,613.8
"CMJ 3",1.776,304.8,307.4,612.2
"CMJ 3",1.778,302.8,306.9,609.7
"CMJ 3",1.78,300.6,307.4,608
"CMJ 3",1.782,298.4,305.7,604.1
"CMJ 3",1.784,296.7,308.5,605.2
"CMJ 3",1.786,294.6,311.3,605.9
"CMJ 3",1.788,292.9,311.8,604.7
"CMJ 3",1.79,290.6,310.7,601.3
"CMJ 3",1.792,287.7,313.5,601.2
"CMJ 3",1.794,287.3,313.5,600.8
"CMJ 3",1.796,283.3,313.5,596.8
"CMJ 3",1.798,280,313.5,593.5
"CMJ 3",1.8,274.9,316.8,591.7
"CMJ 3",1.802,271.8,316.8,588.6
"CMJ 3",1.804,267.6,315.2,582.8
"CMJ 3",1.806,265.9,318.5,584.4
"CMJ 3",1.808,262.5,318.5,581
"CMJ 3",1.81,261.2,318.5,579.7
"CMJ 3",1.812,259.4,320.2,579.6
"CMJ 3",1.814,257.1,321.3,578.4
"CMJ 3",1.816,254.7,321.3,576
"CMJ 3",1.818,253.3,322.4,575.7
"CMJ 3",1.82,250.9,321.8,572.7
"CMJ 3",1.822,250.7,325.1,575.8
"CMJ 3",1.824,247.2,325.1,572.3
"CMJ 3",1.826,246.1,327.4,573.5
"CMJ 3",1.828,243.6,327.4,571
"CMJ 3",1.83,240.9,327.3,568.2
"CMJ 3",1.832,239.6,327.3,566.9
"CMJ 3",1.834,238.2,329.6,567.8
"CMJ 3",1.836,237.3,329,566.3
"CMJ 3",1.838,235.6,330.7,566.3
"CMJ 3",1.84,235,330.1,565.1
"CMJ 3",1.842,232.7,330.1,562.8
"CMJ 3",1.844,231.5,330.6,562.1
"CMJ 3",1.846,229.8,332.3,562.1
"CMJ 3",1.848,228.4,332.3,560.7
"CMJ 3",1.85,227.6,331.2,558.8
"CMJ 3",1.852,225.4,330.6,556
"CMJ 3",1.854,222.8,329.5,552.3
"CMJ 3",1.856,220.3,331.2,551.5
"CMJ 3",1.858,217.1,329,546.1
"CMJ 3",1.86,216,329.5,545.5
"CMJ 3",1.862,214.4,326.2,540.6
"CMJ 3",1.864,212.5,324.5,537
"CMJ 3",1.866,211.9,326.2,538.1
"CMJ 3",1.868,209.9,327.3,537.2
"CMJ 3",1.87,208.6,323.4,532
"CMJ 3",1.872,207.4,321.1,528.5
"CMJ 3",1.874,206.5,322.8,529.3
"CMJ 3",1.876,205.2,322.8,528
"CMJ 3",1.878,201.5,320,521.5
"CMJ 3",1.88,200.6,320,520.6
"CMJ 3",1.882,199.7,318.3,518
"CMJ 3",1.884,198.5,318.9,517.4
"CMJ 3",1.886,195.7,316.7,512.4
"CMJ 3",1.888,196.4,316.7,513.1
"CMJ 3",1.89,195.4,313.9,509.3
"CMJ 3",1.892,194.7,313.9,508.6
"CMJ 3",1.894,194.4,310,504.4
"CMJ 3",1.896,194,311.6,505.6
"CMJ 3",1.898,192.6,311.1,503.7
"CMJ 3",1.9,192.6,309.4,502
"CMJ 3",1.902,189.8,310.5,500.3
"CMJ 3",1.904,191,311,502
"CMJ 3",1.906,189.4,313.3,502.7
"CMJ 3",1.908,190.6,314.4,505
"CMJ 3",1.91,189,313.8,502.8
"CMJ 3",1.912,187.7,314.3,502
"CMJ 3",1.914,186.8,314.3,501.1
"CMJ 3",1.916,188.5,316,504.5
"CMJ 3",1.918,187,314.3,501.3
"CMJ 3",1.92,187.2,316.6,503.8
"CMJ 3",1.922,187.1,317.1,504.2
"CMJ 3",1.924,187.7,315.4,503.1
"CMJ 3",1.926,186.1,316.5,502.6
"CMJ 3",1.928,185.9,316.5,502.4
"CMJ 3",1.93,185.7,313.7,499.4
"CMJ 3",1.932,184.2,313.2,497.4
"CMJ 3",1.934,183.3,314.8,498.1
"CMJ 3",1.936,184.1,316,500.1
"CMJ 3",1.938,181.3,312.6,493.9
"CMJ 3",1.94,180.5,312.6,493.1
"CMJ 3",1.942,179.2,314.3,493.5
"CMJ 3",1.944,176.8,315.4,492.2
"CMJ 3",1.946,174.8,311.5,486.3
"CMJ 3",1.948,173.4,312.6,486
"CMJ 3",1.95,173.8,309.8,483.6
"CMJ 3",1.952,170.3,309.8,480.1
"CMJ 3",1.954,170.9,308.7,479.6
"CMJ 3",1.956,166.6,305.9,472.5
"CMJ 3",1.958,167.1,303.7,470.8
"CMJ 3",1.96,165.1,301.5,466.6
"CMJ 3",1.962,164.4,301.5,465.9
"CMJ 3",1.964,163.7,299.8,463.5
"CMJ 3",1.966,162.5,298.7,461.2
"CMJ 3",1.968,162.2,297,459.2
"CMJ 3",1.97,161.2,297.6,458.8
"CMJ 3",1.972,160.1,296.5,456.6
"CMJ 3",1.974,160.4,294.8,455.2
"CMJ 3",1.976,159.2,292,451.2
"CMJ 3",1.978,159.1,293.1,452.2
"CMJ 3",1.98,159.3,294.2,453.5
"CMJ 3",1.982,157.9,292.6,450.5
"CMJ 3",1.984,157.7,288.1,445.8
"CMJ 3",1.986,155.7,288.7,444.4
"CMJ 3",1.988,156.7,288.1,444.8
"CMJ 3",1.99,155.7,285.9,441.6
"CMJ 3",1.992,155.7,284.8,440.5
"CMJ 3",1.994,153.9,280.9,434.8
"CMJ 3",1.996,153.8,280.9,434.7
"CMJ 3",1.998,151.2,278.1,429.3
"CMJ 3",2,152.5,277,429.5
"CMJ 3",2.002,152.1,275.9,428
"CMJ 3",2.004,150.1,273.7,423.8
"CMJ 3",2.006,151,273.7,424.7
"CMJ 3",2.008,151.5,270.4,421.9
"CMJ 3",2.01,150.6,265.9,416.5
"CMJ 3",2.012,150.9,262.6,413.5
"CMJ 3",2.014,151,262,413
"CMJ 3",2.016,151.1,258.7,409.8
"CMJ 3",2.018,153.6,257.1,410.7
"CMJ 3",2.02,152.1,253.7,405.8
"CMJ 3",2.022,152.8,252.6,405.4
"CMJ 3",2.024,155,248.7,403.7
"CMJ 3",2.026,155.3,247.6,402.9
"CMJ 3",2.028,155,242.1,397.1
"CMJ 3",2.03,155.1,239.3,394.4
"CMJ 3",2.032,155.6,236,391.6
"CMJ 3",2.034,154.3,231.5,385.8
"CMJ 3",2.036,155,230.4,385.4
"CMJ 3",2.038,155.8,226.6,382.4
"CMJ 3",2.04,156.2,223.2,379.4
"CMJ 3",2.042,155.2,218.8,374
"CMJ 3",2.044,154.3,216.6,370.9
"CMJ 3",2.046,154.1,213.8,367.9
"CMJ 3",2.048,154.3,214.4,368.7
"CMJ 3",2.05,154.6,208.8,363.4
"CMJ 3",2.052,154.1,206,360.1
"CMJ 3",2.054,153.1,206,359.1
"CMJ 3",2.056,155.2,204.4,359.6
"CMJ 3",2.058,154.2,201.6,355.8
"CMJ 3",2.06,154.5,198.8,353.3
"CMJ 3",2.062,152.9,198.3,351.2
"CMJ 3",2.064,155.6,195.5,351.1
"CMJ 3",2.066,154.6,194.9,349.5
"CMJ 3",2.068,156,195.5,351.5
"CMJ 3",2.07,156.2,193.3,349.5
"CMJ 3",2.072,156.5,192.7,349.2
"CMJ 3",2.074,158.1,192.2,350.3
"CMJ 3",2.076,157.7,194.9,352.6
"CMJ 3",2.078,158.7,191.6,350.3
"CMJ 3",2.08,159,194.4,353.4
"CMJ 3",2.082,160.5,196,356.5
"CMJ 3",2.084,162.6,197.1,359.7
"CMJ 3",2.086,162.5,199.9,362.4
"CMJ 3",2.088,165,201.6,366.6
"CMJ 3",2.09,165.7,204.3,370
"CMJ 3",2.092,168.2,206.5,374.7
"CMJ 3",2.094,171.5,208.2,379.7
"CMJ 3",2.096,173.3,211.5,384.8
"CMJ 3",2.098,173.4,215.4,388.8
"CMJ 3",2.1,176.7,219.3,396
"CMJ 3",2.102,177.5,222.1,399.6
"CMJ 3",2.104,181.6,224.3,405.9
"CMJ 3",2.106,182.9,230.4,413.3
"CMJ 3",2.108,185.2,238.1,423.3
"CMJ 3",2.11,187.7,241.4,429.1
"CMJ 3",2.112,193.9,253.6,447.5
"CMJ 3",2.114,197.4,259.2,456.6
"CMJ 3",2.116,200,265.3,465.3
"CMJ 3",2.118,204,271.4,475.4
"CMJ 3",2.12,206.7,279.1,485.8
"CMJ 3",2.122,210.9,286.9,497.8
"CMJ 3",2.124,215.5,294.1,509.6
"CMJ 3",2.126,219,303,522
"CMJ 3",2.128,222.6,309.6,532.2
"CMJ 3",2.13,227.5,317.9,545.4
"CMJ 3",2.132,231.7,325.7,557.4
"CMJ 3",2.134,234.8,334.6,569.4
"CMJ 3",2.136,239.3,345.1,584.4
"CMJ 3",2.138,242.4,356.2,598.6
"CMJ 3",2.14,247,365,612
"CMJ 3",2.142,253.3,374.5,627.8
"CMJ 3",2.144,254.9,382.2,637.1
"CMJ 3",2.146,261.2,396.6,657.8
"CMJ 3",2.148,266.8,404.4,671.2
"CMJ 3",2.15,271,415.5,686.5
"CMJ 3",2.152,276.2,426.6,702.8
"CMJ 3",2.154,280.7,439.4,720.1
"CMJ 3",2.156,287.6,453.7,741.3
"CMJ 3",2.158,292.8,464.8,757.6
"CMJ 3",2.16,298.5,476.5,775
"CMJ 3",2.162,306.1,489.2,795.3
"CMJ 3",2.164,315.3,502,817.3
"CMJ 3",2.166,320.2,516.4,836.6
"CMJ 3",2.168,327.4,529.2,856.6
"CMJ 3",2.17,335.8,544.1,879.9
"CMJ 3",2.172,343.5,554.7,898.2
"CMJ 3",2.174,353.1,568.6,921.7
"CMJ 3",2.176,361,583.5,944.5
"CMJ 3",2.178,368.6,595.2,963.8
"CMJ 3",2.18,378.4,609.6,988
"CMJ 3",2.182,387.2,622.3,1009.5
"CMJ 3",2.184,396.4,634.6,1031
"CMJ 3",2.186,406.9,647.3,1054.2
"CMJ 3",2.188,417.2,663.4,1080.6
"CMJ 3",2.19,436.6,686.1,1122.7
"CMJ 3",2.192,448.8,700,1148.8
"CMJ 3",2.194,457.9,713.3,1171.2
"CMJ 3",2.196,469.2,725.5,1194.7
"CMJ 3",2.198,480,736.1,1216.1
"CMJ 3",2.2,489.9,749.4,1239.3
"CMJ 3",2.202,501.7,758.3,1260
"CMJ 3",2.204,512.2,768.8,1281
"CMJ 3",2.206,524.3,778.2,1302.5
"CMJ 3",2.208,533.2,788.8,1322
"CMJ 3",2.21,543.7,794.3,1338
"CMJ 3",2.212,554,803.2,1357.2
"CMJ 3",2.214,562.9,809.9,1372.8
"CMJ 3",2.216,573.7,816.5,1390.2
"CMJ 3",2.218,582.1,822.6,1404.7
"CMJ 3",2.22,590.2,828.7,1418.9
"CMJ 3",2.222,600.1,833.7,1433.8
"CMJ 3",2.224,608.9,838.7,1447.6
"CMJ 3",2.226,616.6,843.2,1459.8
"CMJ 3",2.228,624.5,846.5,1471
"CMJ 3",2.23,631.2,849.3,1480.5
"CMJ 3",2.232,637.5,853.7,1491.2
"CMJ 3",2.234,645.6,856.5,1502.1
"CMJ 3",2.236,651.5,860.9,1512.4
"CMJ 3",2.238,659.3,864.3,1523.6
"CMJ 3",2.24,665.4,870.4,1535.8
"CMJ 3",2.242,672.1,875.4,1547.5
"CMJ 3",2.244,678.8,877,1555.8
"CMJ 3",2.246,684.4,885.9,1570.3
"CMJ 3",2.248,689.7,893.1,1582.8
"CMJ 3",2.25,695.4,897,1592.4
"CMJ 3",2.252,702.2,902.5,1604.7
"CMJ 3",2.254,707.7,912.5,1620.2
"CMJ 3",2.256,714.5,921.9,1636.4
"CMJ 3",2.258,718.4,930.2,1648.6
"CMJ 3",2.26,725.2,938.6,1663.8
"CMJ 3",2.262,729.4,947.4,1676.8
"CMJ 3",2.264,735.5,954.6,1690.1
"CMJ 3",2.266,740.7,965.2,1705.9
"CMJ 3",2.268,750,983.5,1733.5
"CMJ 3",2.27,756.9,993.4,1750.3
"CMJ 3",2.272,762.2,1003.4,1765.6
"CMJ 3",2.274,767.1,1011.2,1778.3
"CMJ 3",2.276,771,1020.6,1791.6
"CMJ 3",2.278,775.9,1028.4,1804.3
"CMJ 3",2.28,778.5,1036.1,1814.6
"CMJ 3",2.282,783.9,1045.5,1829.4
"CMJ 3",2.284,787.6,1050.5,1838.1
"CMJ 3",2.286,790.9,1060,1850.9
"CMJ 3",2.288,794.2,1065.5,1859.7
"CMJ 3",2.29,795.3,1070.5,1865.8
"CMJ 3",2.292,797.6,1075.5,1873.1
"CMJ 3",2.294,798.4,1077.7,1876.1
"CMJ 3",2.296,800.1,1081.6,1881.7
"CMJ 3",2.298,801.2,1082.7,1883.9
"CMJ 3",2.3,800.7,1084.3,1885
"CMJ 3",2.302,801.1,1087.1,1888.2
"CMJ 3",2.304,800.5,1086.6,1887.1
"CMJ 3",2.306,799.7,1084.9,1884.6
"CMJ 3",2.308,798.7,1085.5,1884.2
"CMJ 3",2.31,796.5,1082.1,1878.6
"CMJ 3",2.312,795.2,1079.9,1875.1
"CMJ 3",2.314,794.4,1076.6,1871
"CMJ 3",2.316,790.9,1073.8,1864.7
"CMJ 3",2.318,790,1070.5,1860.5
"CMJ 3",2.32,787.4,1066.6,1854
"CMJ 3",2.322,787.1,1059.4,1846.5
"CMJ 3",2.324,784.6,1055.5,1840.1
"CMJ 3",2.326,782.8,1051.1,1833.9
"CMJ 3",2.328,779.8,1045.5,1825.3
"CMJ 3",2.33,778.9,1040,1818.9
"CMJ 3",2.332,777.2,1035,1812.2
"CMJ 3",2.334,772.4,1028.9,1801.3
"CMJ 3",2.336,769.8,1023.9,1793.7
"CMJ 3",2.338,769.4,1020,1789.4
"CMJ 3",2.34,767.3,1013.9,1781.2
"CMJ 3",2.342,764.3,1010.6,1774.9
"CMJ 3",2.344,763.2,1005,1768.2
"CMJ 3",2.346,757.8,997.2,1755
"CMJ 3",2.348,757,991.7,1748.7
"CMJ 3",2.35,751.7,987.2,1738.9
"CMJ 3",2.352,750.8,982.8,1733.6
"CMJ 3",2.354,747.6,976.7,1724.3
"CMJ 3",2.356,746,972.8,1718.8
"CMJ 3",2.358,744.3,967.8,1712.1
"CMJ 3",2.36,742.6,961.7,1704.3
"CMJ 3",2.362,740.1,957.8,1697.9
"CMJ 3",2.364,738.2,953.9,1692.1
"CMJ 3",2.366,735.3,949.5,1684.8
"CMJ 3",2.368,734.6,945.1,1679.7
"CMJ 3",2.37,731.2,941.2,1672.4
"CMJ 3",2.372,729.7,936.2,1665.9
"CMJ 3",2.374,727.6,931.8,1659.4
"CMJ 3",2.376,726.9,927.3,1654.2
"CMJ 3",2.378,723.8,923.5,1647.3
"CMJ 3",2.38,720.9,919,1639.9
"CMJ 3",2.382,718.2,913.5,1631.7
"CMJ 3",2.384,716.8,911.2,1628
"CMJ 3",2.386,714.2,906.2,1620.4
"CMJ 3",2.388,711.7,902.4,1614.1
"CMJ 3",2.39,707.5,899,1606.5
"CMJ 3",2.392,705.6,894.6,1600.2
"CMJ 3",2.394,701.3,888.5,1589.8
"CMJ 3",2.396,699.4,887.4,1586.8
"CMJ 3",2.398,696.2,882.4,1578.6
"CMJ 3",2.4,692.5,879,1571.5
"CMJ 3",2.402,689.5,875.7,1565.2
"CMJ 3",2.404,685.8,872.4,1558.2
"CMJ 3",2.406,683.1,870.2,1553.3
"CMJ 3",2.408,682.2,869.6,1551.8
"CMJ 3",2.41,680.1,866.3,1546.4
"CMJ 3",2.412,676.4,864.1,1540.5
"CMJ 3",2.414,675.4,861.8,1537.2
"CMJ 3",2.416,671.3,861.8,1533.1
"CMJ 3",2.418,670.1,859.6,1529.7
"CMJ 3",2.42,668.4,855.2,1523.6
"CMJ 3",2.422,666.9,853.5,1520.4
"CMJ 3",2.424,665.2,849.6,1514.8
"CMJ 3",2.426,664.2,848,1512.2
"CMJ 3",2.428,664.1,846.8,1510.9
"CMJ 3",2.43,664.3,842.4,1506.7
"CMJ 3",2.432,662,841.3,1503.3
"CMJ 3",2.434,665.2,840.7,1505.9
"CMJ 3",2.436,665.2,839.6,1504.8
"CMJ 3",2.438,666.4,837.9,1504.3
"CMJ 3",2.44,666.4,836.3,1502.7
"CMJ 3",2.442,669.8,836.3,1506.1
"CMJ 3",2.444,669.8,834,1503.8
"CMJ 3",2.446,671.5,836.3,1507.8
"CMJ 3",2.448,672.3,833.5,1505.8
"CMJ 3",2.45,675.3,833.5,1508.8
"CMJ 3",2.452,674.5,831.8,1506.3
"CMJ 3",2.454,676.9,832.9,1509.8
"CMJ 3",2.456,678.3,832.9,1511.2
"CMJ 3",2.458,680.5,832.3,1512.8
"CMJ 3",2.46,679.1,832.3,1511.4
"CMJ 3",2.462,681.1,832.3,1513.4
"CMJ 3",2.464,679.1,833.4,1512.5
"CMJ 3",2.466,679.1,836.2,1515.3
"CMJ 3",2.468,679.4,836.7,1516.1
"CMJ 3",2.47,680.7,836.7,1517.4
"CMJ 3",2.472,680.6,838.4,1519
"CMJ 3",2.474,680.5,836.7,1517.2
"CMJ 3",2.476,680.7,836.1,1516.8
"CMJ 3",2.478,679.5,835.6,1515.1
"CMJ 3",2.48,680.7,831.7,1512.4
"CMJ 3",2.482,680.6,832.2,1512.8
"CMJ 3",2.484,680.3,831.1,1511.4
"CMJ 3",2.486,680.5,829.4,1509.9
"CMJ 3",2.488,679.8,829.4,1509.2
"CMJ 3",2.49,679.3,826.1,1505.4
"CMJ 3",2.492,677.5,826.7,1504.2
"CMJ 3",2.494,676.2,822.2,1498.4
"CMJ 3",2.496,675.7,821.1,1496.8
"CMJ 3",2.498,673.4,819.4,1492.8
"CMJ 3",2.5,672.4,818.3,1490.7
"CMJ 3",2.502,669.9,811.7,1481.6
"CMJ 3",2.504,668.5,808.3,1476.8
"CMJ 3",2.506,665.9,805.6,1471.5
"CMJ 3",2.508,663.3,801.1,1464.4
"CMJ 3",2.51,660.2,793.3,1453.5
"CMJ 3",2.512,655.9,788.4,1444.3
"CMJ 3",2.514,652.7,782.2,1434.9
"CMJ 3",2.516,649,777.3,1426.3
"CMJ 3",2.518,643.8,767.8,1411.6
"CMJ 3",2.52,638,761.2,1399.2
"CMJ 3",2.522,634.1,753.9,1388
"CMJ 3",2.524,626.6,744,1370.6
"CMJ 3",2.526,618.7,732.9,1351.6
"CMJ 3",2.528,611.1,722.3,1333.4
"CMJ 3",2.53,599.9,709.6,1309.5
"CMJ 3",2.532,590.9,696.3,1287.2
"CMJ 3",2.534,578.4,681.9,1260.3
"CMJ 3",2.536,564.4,666.3,1230.7
"CMJ 3",2.538,550.8,648.6,1199.4
"CMJ 3",2.54,535.6,628.7,1164.3
"CMJ 3",2.542,518.9,608.2,1127.1
"CMJ 3",2.544,498.6,582.7,1081.3
"CMJ 3",2.546,479.6,557.2,1036.8
"CMJ 3",2.548,456.8,528.3,985.1
"CMJ 3",2.55,434.3,494.5,928.8
"CMJ 3",2.552,407.1,460.7,867.8
"CMJ 3",2.554,381.9,428,809.9
"CMJ 3",2.556,353.6,390.9,744.5
"CMJ 3",2.558,324.6,353.2,677.8
"CMJ 3",2.56,293.4,313.3,606.7
"CMJ 3",2.562,258.3,269.5,527.8
"CMJ 3",2.564,230.2,222.5,452.7
"CMJ 3",2.566,198.2,173.7,371.9
"CMJ 3",2.568,160.3,131.1,291.4
"CMJ 3",2.57,118.2,89,207.2
"CMJ 3",2.572,80.8,49.6,130.4
"CMJ 3",2.574,47.1,16.4,63.5
"CMJ 3",2.576,20.4,0,20.4
"CMJ 3",2.578,0,0,0
"CMJ 3",2.58,0,10.4,10.4
"CMJ 3",2.582,0,13.7,13.7
"CMJ 3",2.584,0,0,0
"CMJ 3",2.586,0,0,0
"CMJ 3",2.588,0,0,0
"CMJ 3",2.59,0,7.1,7.1
"CMJ 3",2.592,0,0,0
"CMJ 3",2.594,0,0,0
"CMJ 3",2.596,0,0,0
"CMJ 3",2.598,0,0,0
"CMJ 3",2.6,0,7.1,7.1
"CMJ 3",2.602,0,7.6,7.6
"CMJ 3",2.604,0,0,0
"CMJ 3",2.606,0,0,0
"CMJ 3",2.608,0,0,0
"CMJ 3",2.61,0,0,0
"CMJ 3",2.612,0,0,0
"CMJ 3",2.614,0,0,0
"CMJ 3",2.616,0,0,0
"CMJ 3",2.618,0,0,0
"CMJ 3",2.62,0,0,0
"CMJ 3",2.622,0,0,0
"CMJ 3",2.624,0,0,0
"CMJ 3",2.626,0,0,0
"CMJ 3",2.628,0,0,0
"CMJ 3",2.63,0,0,0
"CMJ 3",2.632,0,0,0
"CMJ 3",2.634,0,0,0
"CMJ 3",2.636,0,0,0
"CMJ 3",2.638,0,0,0
"CMJ 3",2.64,0,0,0
"CMJ 3",2.642,0,0,0
"CMJ 3",2.644,0,0,0
"CMJ 3",2.646,0,0,0
"CMJ 3",2.648,0,0,0
"CMJ 3",2.65,0,0,0
"CMJ 3",2.652,0,0,0
"CMJ 3",2.654,0,0,0
"CMJ 3",2.656,0,0,0
"CMJ 3",2.658,0,0,0
"CMJ 3",2.66,0,0,0
"CMJ 3",2.662,0,0,0
"CMJ 3",2.664,0,0,0
"CMJ 3",2.666,0,0,0
"CMJ 3",2.668,0,0,0
"CMJ 3",2.67,0,0,0
"CMJ 3",2.672,0,0,0
"CMJ 3",2.674,0,0,0
"CMJ 3",2.676,0,0,0
"CMJ 3",2.678,0,0,0
"CMJ 3",2.68,0,0,0
"CMJ 3",2.682,0,0,0
"CMJ 3",2.684,0,0,0
"CMJ 3",2.686,0,0,0
"CMJ 3",2.688,0,0,0
"CMJ 3",2.69,0,0,0
"CMJ 3",2.692,0,0,0
"CMJ 3",2.694,0,0,0
"CMJ 3",2.696,0,0,0
"CMJ 3",2.698,0,0,0
"CMJ 3",2.7,0,0,0
"CMJ 3",2.702,0,0,0
"CMJ 3",2.704,0,0,0
"CMJ 3",2.706,0,0,0
"CMJ 3",2.708,0,0,0
"CMJ 3",2.71,0,0,0
"CMJ 3",2.712,0,0,0
"CMJ 3",2.714,0,0,0
"CMJ 3",2.716,0,0,0
"CMJ 3",2.718,0,0,0
"CMJ 3",2.72,0,0,0
"CMJ 3",2.722,0,0,0
"CMJ 3",2.724,0,0,0
"CMJ 3",2.726,0,0,0
"CMJ 3",2.728,0,0,0
"CMJ 3",2.73,0,0,0
"CMJ 3",2.732,0,0,0
"CMJ 3",2.734,0,0,0
"CMJ 3",2.736,0,0,0
"CMJ 3",2.738,0,0,0
"CMJ 3",2.74,0,0,0
"CMJ 3",2.742,0,0,0
"CMJ 3",2.744,0,0,0
"CMJ 3",2.746,0,0,0
"CMJ 3",2.748,0,0,0
"CMJ 3",2.75,0,0,0
"CMJ 3",2.752,0,0,0
"CMJ 3",2.754,0,0,0
"CMJ 3",2.756,0,0,0
"CMJ 3",2.758,0,0,0
"CMJ 3",2.76,0,0,0
"CMJ 3",2.762,0,0,0
"CMJ 3",2.764,0,0,0
"CMJ 3",2.766,0,0,0
"CMJ 3",2.768,0,0,0
"CMJ 3",2.77,0,0,0
"CMJ 3",2.772,0,0,0
"CMJ 3",2.774,0,0,0
"CMJ 3",2.776,0,0,0
"CMJ 3",2.778,0,0,0
"CMJ 3",2.78,0,0,0
"CMJ 3",2.782,0,0,0
"CMJ 3",2.784,0,0,0
"CMJ 3",2.786,0,0,0
"CMJ 3",2.788,0,0,0
"CMJ 3",2.79,0,0,0
"CMJ 3",2.792,0,0,0
"CMJ 3",2.794,0,0,0
"CMJ 3",2.796,0,0,0
"CMJ 3",2.798,0,0,0
"CMJ 3",2.8,0,0,0
"CMJ 3",2.802,0,0,0
"CMJ 3",2.804,0,0,0
"CMJ 3",2.806,0,0,0
"CMJ 3",2.808,0,0,0
"CMJ 3",2.81,0,0,0
"CMJ 3",2.812,0,0,0
"CMJ 3",2.814,0,0,0
"CMJ 3",2.816,0,0,0
"CMJ 3",2.818,0,0,0
"CMJ 3",2.82,0,0,0
"CMJ 3",2.822,0,0,0
"CMJ 3",2.824,0,0,0
"CMJ 3",2.826,0,0,0
"CMJ 3",2.828,0,0,0
"CMJ 3",2.83,0,0,0
"CMJ 3",2.832,0,0,0
"CMJ 3",2.834,0,0,0
"CMJ 3",2.836,0,0,0
"CMJ 3",2.838,0,0,0
"CMJ 3",2.84,0,0,0
"CMJ 3",2.842,0,0,0
"CMJ 3",2.844,0,0,0
"CMJ 3",2.846,0,0,0
"CMJ 3",2.848,0,0,0
"CMJ 3",2.85,0,0,0
"CMJ 3",2.852,0,0,0
"CMJ 3",2.854,0,0,0
"CMJ 3",2.856,0,0,0
"CMJ 3",2.858,0,0,0
"CMJ 3",2.86,0,0,0
"CMJ 3",2.862,0,0,0
"CMJ 3",2.864,0,0,0
"CMJ 3",2.866,0,0,0
"CMJ 3",2.868,0,0,0
"CMJ 3",2.87,0,0,0
"CMJ 3",2.872,0,0,0
"CMJ 3",2.874,0,0,0
"CMJ 3",2.876,0,0,0
"CMJ 3",2.878,0,0,0
"CMJ 3",2.88,0,0,0
"CMJ 3",2.882,0,0,0
"CMJ 3",2.884,0,0,0
"CMJ 3",2.886,0,0,0
"CMJ 3",2.888,0,0,0
"CMJ 3",2.89,0,0,0
"CMJ 3",2.892,0,0,0
"CMJ 3",2.894,0,0,0
"CMJ 3",2.896,0,0,0
"CMJ 3",2.898,0,0,0
"CMJ 3",2.9,0,0,0
"CMJ 3",2.902,0,0,0
"CMJ 3",2.904,0,0,0
"CMJ 3",2.906,0,0,0
"CMJ 3",2.908,0,0,0
"CMJ 3",2.91,0,0,0
"CMJ 3",2.912,0,0,0
"CMJ 3",2.914,0,0,0
"CMJ 3",2.916,0,0,0
"CMJ 3",2.918,0,0,0
"CMJ 3",2.92,0,0,0
"CMJ 3",2.922,0,0,0
"CMJ 3",2.924,0,0,0
"CMJ 3",2.926,0,0,0
"CMJ 3",2.928,0,0,0
"CMJ 3",2.93,0,0,0
"CMJ 3",2.932,0,0,0
"CMJ 3",2.934,0,0,0
"CMJ 3",2.936,0,0,0
"CMJ 3",2.938,0,0,0
"CMJ 3",2.94,0,0,0
"CMJ 3",2.942,0,0,0
"CMJ 3",2.944,0,0,0
"CMJ 3",2.946,0,0,0
"CMJ 3",2.948,0,0,0
"CMJ 3",2.95,0,0,0
"CMJ 3",2.952,0,0,0
"CMJ 3",2.954,0,0,0
"CMJ 3",2.956,0,0,0
"CMJ 3",2.958,0,0,0
"CMJ 3",2.96,0,0,0
"CMJ 3",2.962,0,0,0
"CMJ 3",2.964,0,0,0
"CMJ 3",2.966,0,0,0
"CMJ 3",2.968,0,0,0
"CMJ 3",2.97,0,0,0
"CMJ 3",2.972,0,0,0
"CMJ 3",2.974,0,0,0
"CMJ 3",2.976,0,0,0
"CMJ 3",2.978,0,0,0
"CMJ 3",2.98,0,0,0
"CMJ 3",2.982,0,0,0
"CMJ 3",2.984,0,0,0
"CMJ 3",2.986,0,0,0
"CMJ 3",2.988,0,0,0
"CMJ 3",2.99,0,0,0
"CMJ 3",2.992,0,0,0
"CMJ 3",2.994,0,0,0
"CMJ 3",2.996,0,0,0
"CMJ 3",2.998,0,0,0
"CMJ 3",3,0,0,0
"CMJ 3",3.002,0,0,0
"CMJ 3",3.004,0,0,0
"CMJ 3",3.006,0,0,0
"CMJ 3",3.008,0,0,0
"CMJ 3",3.01,0,0,0
"CMJ 3",3.012,0,0,0
"CMJ 3",3.014,0,0,0
"CMJ 3",3.016,0,0,0
"CMJ 3",3.018,0,0,0
"CMJ 3",3.02,0,0,0
"CMJ 3",3.022,0,0,0
"CMJ 3",3.024,0,0,0
"CMJ 3",3.026,0,0,0
"CMJ 3",3.028,0,0,0
"CMJ 3",3.03,0,0,0
"CMJ 3",3.032,0,0,0
"CMJ 3",3.034,0,0,0
"CMJ 3",3.036,0,0,0
"CMJ 3",3.038,0,0,0
"CMJ 3",3.04,0,0,0
"CMJ 3",3.042,0,0,0
"CMJ 3",3.044,0,0,0
"CMJ 3",3.046,0,0,0
"CMJ 3",3.048,0,0,0
"CMJ 3",3.05,0,0,0
"CMJ 3",3.052,0,0,0
"CMJ 3",3.054,0,0,0
"CMJ 3",3.056,0,0,0
"CMJ 3",3.058,0,0,0
"CMJ 3",3.06,0,0,0
"CMJ 3",3.062,0,0,0
"CMJ 3",3.064,0,0,0
"CMJ 3",3.066,0,0,0
"CMJ 3",3.068,0,0,0
"CMJ 3",3.07,0,0,0
"CMJ 3",3.072,0,0,0
"CMJ 3",3.074,0,0,0
"CMJ 3",3.076,0,0,0
"CMJ 3",3.078,0,0,0
"CMJ 3",3.08,0,0,0
"CMJ 3",3.082,0,0,0
"CMJ 3",3.084,0,0,0
"CMJ 3",3.086,0,0,0
"CMJ 3",3.088,0,0,0
"CMJ 3",3.09,0,0,0
"CMJ 3",3.092,0,0,0
"CMJ 3",3.094,0,0,0
"CMJ 3",3.096,0,0,0
"CMJ 3",3.098,0,0,0
"CMJ 3",3.1,0,0,0
"CMJ 3",3.102,0,0,0
"CMJ 3",3.104,0,0,0
"CMJ 3",3.106,0,0,0
"CMJ 3",3.108,0,0,0
"CMJ 3",3.11,0,0,0
"CMJ 3",3.112,0,0,0
"CMJ 3",3.114,0,0,0
"CMJ 3",3.116,0,0,0
"CMJ 3",3.118,0,0,0
"CMJ 3",3.12,0,0,0
"CMJ 3",3.122,0,0,0
"CMJ 3",3.124,0,0,0
"CMJ 3",3.126,0,0,0
"CMJ 3",3.128,0,0,0
"CMJ 3",3.13,0,0,0
"CMJ 3",3.132,0,0,0
"CMJ 3",3.134,0,0,0
"CMJ 3",3.136,0,0,0
"CMJ 3",3.138,0,0,0
"CMJ 3",3.14,0,0,0
"CMJ 3",3.142,0,0,0
"CMJ 3",3.144,0,0,0
"CMJ 3",3.146,0,0,0
"CMJ 3",3.148,0,0,0
"CMJ 3",3.15,0,0,0
"CMJ 3",3.152,0,0,0
"CMJ 3",3.154,0,0,0
"CMJ 3",3.156,13.6,0,13.6
"CMJ 3",3.158,143.2,0,143.2
"CMJ 3",3.16,297.4,55.8,353.2
"CMJ 3",3.162,381.8,278.1,659.9
"CMJ 3",3.164,480.8,453.3,934.1
"CMJ 3",3.166,657.1,450.6,1107.7
"CMJ 3",3.168,879.4,507.1,1386.5
"CMJ 3",3.17,941.8,778.3,1720.1
"CMJ 3",3.172,826.8,1090.6,1917.4
"CMJ 3",3.174,706.6,1191.6,1898.2
"CMJ 3",3.176,635.6,1005.3,1640.9
"CMJ 3",3.178,560.8,709.3,1270.1
"CMJ 3",3.18,458.3,499.7,958
"CMJ 3",3.182,358.9,444.8,803.7
"CMJ 3",3.184,415.2,470.9,886.1
"CMJ 3",3.186,556.2,530.3,1086.5
"CMJ 3",3.188,653.6,677.2,1330.8
"CMJ 3",3.19,691.8,874,1565.8
"CMJ 3",3.192,692.8,967.7,1660.5
"CMJ 3",3.194,703.7,916.1,1619.8
"CMJ 3",3.196,733.4,882.5,1615.9
"CMJ 3",3.198,778.2,980.9,1759.1
"CMJ 3",3.2,826.1,1131.8,1957.9
"CMJ 3",3.202,885.3,1259.4,2144.7
"CMJ 3",3.204,972.7,1317.8,2290.5
"CMJ 3",3.206,972.5,1374.6,2347.1
"CMJ 3",3.208,1041.1,1462.9,2504
"CMJ 3",3.21,1183,1547.9,2730.9
"CMJ 3",3.212,1313.1,1553.9,2867
"CMJ 3",3.214,1599.5,1611.4,3210.9
"CMJ 3",3.216,1970.4,1806.7,3777.1
"CMJ 3",3.218,2292.2,2064.7,4356.9
"CMJ 3",3.22,2604.1,2390.5,4994.6
"CMJ 3",3.222,2798.9,2692.5,5491.4
"CMJ 3",3.224,2813.5,2918.4,5731.9
"CMJ 3",3.226,2656,3039.6,5695.6
"CMJ 3",3.228,2387.3,3054,5441.3
"CMJ 3",3.23,2126.9,2957.7,5084.6
"CMJ 3",3.232,1882,2769.2,4651.2
"CMJ 3",3.234,1684.9,2549.2,4234.1
"CMJ 3",3.236,1507,2350.2,3857.2
"CMJ 3",3.238,1361.4,2176.1,3537.5
"CMJ 3",3.24,1252.1,2016.6,3268.7
"CMJ 3",3.242,1161.1,1880.5,3041.6
"CMJ 3",3.244,1083.6,1773.7,2857.3
"CMJ 3",3.246,988.7,1690.8,2679.5
"CMJ 3",3.248,923.6,1617.5,2541.1
"CMJ 3",3.25,884,1528.6,2412.6
"CMJ 3",3.252,840.8,1429.2,2270
"CMJ 3",3.254,812.5,1347,2159.5
"CMJ 3",3.256,792,1278.1,2070.1
"CMJ 3",3.258,768.5,1226.4,1994.9
"CMJ 3",3.26,742.1,1181.3,1923.4
"CMJ 3",3.262,710.2,1132.9,1843.1
"CMJ 3",3.264,689.9,1084,1773.9
"CMJ 3",3.266,675,1045.1,1720.1
"CMJ 3",3.268,659.1,1026.2,1685.3
"CMJ 3",3.27,648.1,1018.4,1666.5
"CMJ 3",3.272,643.8,1015,1658.8
"CMJ 3",3.274,640,1012.8,1652.8
"CMJ 3",3.276,633.6,1003.9,1637.5
"CMJ 3",3.278,622.6,995.5,1618.1
"CMJ 3",3.28,608.7,986.1,1594.8
"CMJ 3",3.282,582.6,974.4,1557
"CMJ 3",3.284,570.3,970.5,1540.8
"CMJ 3",3.286,562.7,965.5,1528.2
"CMJ 3",3.288,556.3,952.7,1509
"CMJ 3",3.29,547.5,932.1,1479.6
"CMJ 3",3.292,543.5,909.9,1453.4
"CMJ 3",3.294,533.5,891.5,1425
"CMJ 3",3.296,524.8,878.7,1403.5
"CMJ 3",3.298,516.7,871.5,1388.2
"CMJ 3",3.3,510.2,865.9,1376.1
"CMJ 3",3.302,503.7,859.2,1362.9
"CMJ 3",3.304,498.1,848.6,1346.7
"CMJ 3",3.306,493,839.1,1332.1
"CMJ 3",3.308,488.7,831.3,1320
"CMJ 3",3.31,483.3,820.2,1303.5
"CMJ 3",3.312,477.4,812.9,1290.3
"CMJ 3",3.314,470.9,807.4,1278.3
"CMJ 3",3.316,465.5,799,1264.5
"CMJ 3",3.318,460.3,785.6,1245.9
"CMJ 3",3.32,456.9,770.6,1227.5
"CMJ 3",3.322,453.4,757.3,1210.7
"CMJ 3",3.324,450.8,745.6,1196.4
"CMJ 3",3.326,446.6,733.3,1179.9
"CMJ 3",3.328,441.5,723.9,1165.4
"CMJ 3",3.33,435.9,712.8,1148.7
"CMJ 3",3.332,430.7,703.9,1134.6
"CMJ 3",3.334,425.6,692.7,1118.3
"CMJ 3",3.336,420.6,677.7,1098.3
"CMJ 3",3.338,416.7,667.2,1083.9
"CMJ 3",3.34,412.4,658.3,1070.7
"CMJ 3",3.342,409.3,649.9,1059.2
"CMJ 3",3.344,402.7,642.1,1044.8
"CMJ 3",3.346,396.2,630.5,1026.7
"CMJ 3",3.348,389,621.6,1010.6
"CMJ 3",3.35,384.4,609.9,994.3
"CMJ 3",3.352,378.1,594.9,973
"CMJ 3",3.354,372.6,583.8,956.4
"CMJ 3",3.356,368,575.5,943.5
"CMJ 3",3.358,364.4,567.7,932.1
"CMJ 3",3.36,355.9,542.7,898.6
"CMJ 3",3.362,351.2,528.2,879.4
"CMJ 3",3.364,346.1,514.3,860.4
"CMJ 3",3.366,343.2,502.1,845.3
"CMJ 3",3.368,338,488.8,826.8
"CMJ 3",3.37,336.4,479.9,816.3
"CMJ 3",3.372,333.2,468.8,802
"CMJ 3",3.374,331,457.1,788.1
"CMJ 3",3.376,328.1,444.3,772.4
"CMJ 3",3.378,325,432.1,757.1
"CMJ 3",3.38,320,419.3,739.3
"CMJ 3",3.382,318.9,407.6,726.5
"CMJ 3",3.384,313.7,399.3,713
"CMJ 3",3.386,311.5,392.6,704.1
"CMJ 3",3.388,307.2,382.6,689.8
"CMJ 3",3.39,306.1,373.2,679.3
"CMJ 3",3.392,301.8,361.5,663.3
"CMJ 3",3.394,301,350.4,651.4
"CMJ 3",3.396,298.5,343.2,641.7
"CMJ 3",3.398,296.1,335.9,632
"CMJ 3",3.4,294,329.3,623.3
"CMJ 3",3.402,291.9,323.1,615
"CMJ 3",3.404,288.8,314.8,603.6
"CMJ 3",3.406,287.5,309.8,597.3
"CMJ 3",3.408,285.6,300.9,586.5
"CMJ 3",3.41,283.1,293.7,576.8
"CMJ 3",3.412,281.8,287.6,569.4
"CMJ 3",3.414,280,284.8,564.8
"CMJ 3",3.416,278,279.2,557.2
"CMJ 3",3.418,276.6,276.5,553.1
"CMJ 3",3.42,274.8,270.3,545.1
"CMJ 3",3.422,272.2,266.5,538.7
"CMJ 3",3.424,271.1,262,533.1
"CMJ 3",3.426,268.8,255.9,524.7
"CMJ 3",3.428,267.6,252.6,520.2
"CMJ 3",3.43,266.9,249.8,516.7
"CMJ 3",3.432,262.8,247.6,510.4
"CMJ 3",3.434,262.1,243.1,505.2
"CMJ 3",3.436,260.8,238.7,499.5
"CMJ 3",3.438,259.2,233.7,492.9
"CMJ 3",3.44,258,232,490
"CMJ 3",3.442,256.7,227.6,484.3
"CMJ 3",3.444,256.3,227,483.3
"CMJ 3",3.446,254.2,227.1,481.3
"CMJ 3",3.448,252.3,222.6,474.9
"CMJ 3",3.45,252.3,218.7,471
"CMJ 3",3.452,254.1,216,470.1
"CMJ 3",3.454,252.3,213.7,466
"CMJ 3",3.456,252.4,212.6,465
"CMJ 3",3.458,252.1,209.3,461.4
"CMJ 3",3.46,251.2,208.2,459.4
"CMJ 3",3.462,251.6,204.3,455.9
"CMJ 3",3.464,251.6,202.6,454.2
"CMJ 3",3.466,251.1,201.5,452.6
"CMJ 3",3.468,252.1,200.4,452.5
"CMJ 3",3.47,252.8,197.1,449.9
"CMJ 3",3.472,253.5,198.8,452.3
"CMJ 3",3.474,253,196,449
"CMJ 3",3.476,253.9,194.3,448.2
"CMJ 3",3.478,256.3,193.2,449.5
"CMJ 3",3.48,256.7,191,447.7
"CMJ 3",3.482,256.8,187.6,444.4
"CMJ 3",3.484,258,187.1,445.1
"CMJ 3",3.486,261.9,186.6,448.5
"CMJ 3",3.488,262.1,187.1,449.2
"CMJ 3",3.49,263.3,185.4,448.7
"CMJ 3",3.492,265.7,182.6,448.3
"CMJ 3",3.494,268.8,181,449.8
"CMJ 3",3.496,271,179.9,450.9
"CMJ 3",3.498,270.4,178.8,449.2
"CMJ 3",3.5,272.9,179.9,452.8
"CMJ 3",3.502,275.2,178.2,453.4
"CMJ 3",3.504,278,177.6,455.6
"CMJ 3",3.506,282,174.3,456.3
"CMJ 3",3.508,281.7,176.5,458.2
"CMJ 3",3.51,285.1,174.9,460
"CMJ 3",3.512,287.6,174.9,462.5
"CMJ 3",3.514,290.5,174.3,464.8
"CMJ 3",3.516,295.7,174.3,470
"CMJ 3",3.518,297.1,174.3,471.4
"CMJ 3",3.52,302.8,173.2,476
"CMJ 3",3.522,305,174.9,479.9
"CMJ 3",3.524,310.3,174.3,484.6
"CMJ 3",3.526,311.8,173.7,485.5
"CMJ 3",3.528,315.9,175.4,491.3
"CMJ 3",3.53,320.1,176.5,496.6
"CMJ 3",3.532,324,177.6,501.6
"CMJ 3",3.534,329.2,178.2,507.4
"CMJ 3",3.536,332.1,178.2,510.3
"CMJ 3",3.538,336.9,179.3,516.2
"CMJ 3",3.54,340,179.9,519.9
"CMJ 3",3.542,344.5,180.9,525.4
"CMJ 3",3.544,348.4,183.2,531.6
"CMJ 3",3.546,355,184.3,539.3
"CMJ 3",3.548,359,188.2,547.2
"CMJ 3",3.55,362.6,187.1,549.7
"CMJ 3",3.552,369.2,189.8,559
"CMJ 3",3.554,372.7,192.1,564.8
"CMJ 3",3.556,375.9,193.7,569.6
"CMJ 3",3.558,382.7,195.4,578.1
"CMJ 3",3.56,390.2,198.2,588.4
"CMJ 3",3.562,393.6,200.9,594.5
"CMJ 3",3.564,397.1,203.2,600.3
"CMJ 3",3.566,402.1,206.5,608.6
"CMJ 3",3.568,409.2,208.7,617.9
"CMJ 3",3.57,414.5,212.1,626.6
"CMJ 3",3.572,419,214.8,633.8
"CMJ 3",3.574,423.9,222.1,646
"CMJ 3",3.576,429.9,222.6,652.5
"CMJ 3",3.578,436.1,228.2,664.3
"CMJ 3",3.58,442.1,233.2,675.3
"CMJ 3",3.582,450.3,237.6,687.9
"CMJ 3",3.584,456,241.5,697.5
"CMJ 3",3.586,461.1,246,707.1
"CMJ 3",3.588,467.8,248.7,716.5
"CMJ 3",3.59,471.1,255.4,726.5
"CMJ 3",3.592,476.9,256,732.9
"CMJ 3",3.594,484.5,266,750.5
"CMJ 3",3.596,487.8,271.5,759.3
"CMJ 3",3.598,490.9,274.9,765.8
"CMJ 3",3.6,491,279.3,770.3
"CMJ 3",3.602,494.7,283.2,777.9
"CMJ 3",3.604,495.3,284.9,780.2
"CMJ 3",3.606,495.7,292.1,787.8
"CMJ 3",3.608,498,294.9,792.9
"CMJ 3",3.61,499,299.3,798.3
"CMJ 3",3.612,499,301.6,800.6
"CMJ 3",3.614,499.4,306,805.4
"CMJ 3",3.616,500.9,311.6,812.5
"CMJ 3",3.618,500.1,312.7,812.8
"CMJ 3",3.62,499.9,317.7,817.6
"CMJ 3",3.622,499.1,319.9,819
"CMJ 3",3.624,498.4,322.1,820.5
"CMJ 3",3.626,496.2,327.7,823.9
"CMJ 3",3.628,495.8,331.1,826.9
"CMJ 3",3.63,493.1,334.4,827.5
"CMJ 3",3.632,492.8,335,827.8
"CMJ 3",3.634,490.2,337.7,827.9
"CMJ 3",3.636,489.1,340.5,829.6
"CMJ 3",3.638,485.9,340,825.9
"CMJ 3",3.64,483.4,343.3,826.7
"CMJ 3",3.642,481.4,341.1,822.5
"CMJ 3",3.644,477.4,341.6,819
"CMJ 3",3.646,475.2,341.1,816.3
"CMJ 3",3.648,471.6,344.4,816
"CMJ 3",3.65,468.3,341.1,809.4
"CMJ 3",3.652,463.9,341.6,805.5
"CMJ 3",3.654,460.2,339.4,799.6
"CMJ 3",3.656,456.6,341.1,797.7
"CMJ 3",3.658,452.8,338.3,791.1
"CMJ 3",3.66,448.5,335.5,784
"CMJ 3",3.662,443.7,335.5,779.2
"CMJ 3",3.664,441.7,333.9,775.6
"CMJ 3",3.666,435.5,332.7,768.2
"CMJ 3",3.668,430.6,331.1,761.7
"CMJ 3",3.67,427.3,329.4,756.7
"CMJ 3",3.672,417.8,324.4,742.2
"CMJ 3",3.674,410.2,321.6,731.8
"CMJ 3",3.676,406.3,320,726.3
"CMJ 3",3.678,400.8,318.3,719.1
"CMJ 3",3.68,395.5,315.5,711
"CMJ 3",3.682,390.7,311.6,702.3
"CMJ 3",3.684,383.9,310.5,694.4
"CMJ 3",3.686,378.7,310,688.7
"CMJ 3",3.688,374.6,308.3,682.9
"CMJ 3",3.69,370.4,307.7,678.1
"CMJ 3",3.692,362.3,303.8,666.1
"CMJ 3",3.694,355.9,303.3,659.2
"CMJ 3",3.696,351.8,300.5,652.3
"CMJ 3",3.698,346.4,301.1,647.5
"CMJ 3",3.7,340.1,297.2,637.3
"CMJ 3",3.702,335,297.2,632.2
"CMJ 3",3.704,329.7,293.8,623.5
"CMJ 3",3.706,325.1,296.1,621.2
"CMJ 3",3.708,320.1,291.1,611.2
"CMJ 3",3.71,314.8,291.1,605.9
"CMJ 3",3.712,309.6,289.4,599
"CMJ 3",3.714,304.9,288.8,593.7
"CMJ 3",3.716,302.1,288.8,590.9
"CMJ 3",3.718,297.3,288.8,586.1
"CMJ 3",3.72,295.8,287.7,583.5
"CMJ 3",3.722,290.6,287.2,577.8
"CMJ 3",3.724,286.9,288.8,575.7
"CMJ 3",3.726,283.1,286,569.1
"CMJ 3",3.728,281.4,288.8,570.2
"CMJ 3",3.73,278.6,287.2,565.8
"CMJ 3",3.732,276,289.4,565.4
"CMJ 3",3.734,273,290.5,563.5
"CMJ 3",3.736,274.2,291.1,565.3
"CMJ 3",3.738,271.8,292.2,564
"CMJ 3",3.74,269.4,293.3,562.7
"CMJ 3",3.742,269.8,294.4,564.2
"CMJ 3",3.744,268.9,296.1,565
"CMJ 3",3.746,268.3,297.7,566
"CMJ 3",3.748,268.8,301.7,570.5
"CMJ 3",3.75,269.1,305.5,574.6
"CMJ 3",3.752,269.6,307.2,576.8
"CMJ 3",3.754,270.3,311.1,581.4
"CMJ 3",3.756,270.9,313.9,584.8
"CMJ 3",3.758,271.1,315,586.1
"CMJ 3",3.76,272.5,318.9,591.4
"CMJ 3",3.762,275.2,322.2,597.4
"CMJ 3",3.764,278.8,323.9,602.7
"CMJ 3",3.766,281.7,328.4,610.1
"CMJ 3",3.768,285.8,335,620.8
"CMJ 3",3.77,288.7,337.3,626
"CMJ 3",3.772,293.9,343.4,637.3
"CMJ 3",3.774,299.5,345.6,645.1
"CMJ 3",3.776,305.3,353.4,658.7
"CMJ 3",3.778,310.8,356.2,667
"CMJ 3",3.78,314.7,361.7,676.4
"CMJ 3",3.782,319.8,365.6,685.4
"CMJ 3",3.784,323.6,371.2,694.8
"CMJ 3",3.786,330.6,378.4,709
"CMJ 3",3.788,333.8,382.8,716.6
"CMJ 3",3.79,337.6,385.1,722.7
"CMJ 3",3.792,340.1,389,729.1
"CMJ 3",3.794,343.8,395.1,738.9
"CMJ 3",3.796,345.4,399,744.4
"CMJ 3",3.798,348.3,402.3,750.6
"CMJ 3",3.8,349.7,406.8,756.5
"CMJ 3",3.802,350.6,410.1,760.7
"CMJ 3",3.804,352.4,412.3,764.7
"CMJ 3",3.806,352.3,417.3,769.6
"CMJ 3",3.808,354,421.8,775.8
"CMJ 3",3.81,352.6,424,776.6
"CMJ 3",3.812,351.6,427.3,778.9
"CMJ 3",3.814,350.7,430.1,780.8
"CMJ 3",3.816,349.5,434.6,784.1
"CMJ 3",3.818,347.4,437.3,784.7
"CMJ 3",3.82,346.1,440.1,786.2
"CMJ 3",3.822,344.5,445.1,789.6
"CMJ 3",3.824,340,449.6,789.6
"CMJ 3",3.826,336.3,449.6,785.9
"CMJ 3",3.828,331.8,457.9,789.7
"CMJ 3",3.83,327.4,461.8,789.2
"CMJ 3",3.832,325.7,464,789.7
"CMJ 3",3.834,322.5,468.5,791
"CMJ 3",3.836,318.4,471.8,790.2
"CMJ 3",3.838,317.5,476.2,793.7
"CMJ 3",3.84,312.3,480.7,793
"CMJ 3",3.842,310.2,486.2,796.4
"CMJ 3",3.844,306.1,489.6,795.7
"CMJ 3",3.846,304.7,494.6,799.3
"CMJ 3",3.848,301.7,499,800.7
"CMJ 3",3.85,299,503.5,802.5
"CMJ 3",3.852,295.8,506.3,802.1
"CMJ 3",3.854,294,511.8,805.8
"CMJ 3",3.856,289.2,517.4,806.6
"CMJ 3",3.858,287.3,520.2,807.5
"CMJ 3",3.86,283.5,525.2,808.7
"CMJ 3",3.862,278.9,529,807.9
"CMJ 3",3.864,276,534.6,810.6
"CMJ 3",3.866,272.4,539.6,812
"CMJ 3",3.868,267.2,543.5,810.7
"CMJ 3",3.87,264.4,548.5,812.9
"CMJ 3",3.872,261.2,552.9,814.1
"CMJ 3",3.874,255.6,558,813.6
"CMJ 3",3.876,250.7,560.7,811.4
"CMJ 3",3.878,246.9,567.4,814.3
"CMJ 3",3.88,240.3,571.3,811.6
"CMJ 3",3.882,236.1,575.2,811.3
"CMJ 3",3.884,231.5,578,809.5
"CMJ 3",3.886,225.6,582.4,808
"CMJ 3",3.888,219.5,588,807.5
"CMJ 3",3.89,216.3,592.4,808.7
"CMJ 3",3.892,209.6,593,802.6
"CMJ 3",3.894,203.7,598.5,802.2
"CMJ 3",3.896,198.9,600.2,799.1
"CMJ 3",3.898,193.2,603.5,796.7
"CMJ 3",3.9,188.4,606.3,794.7
"CMJ 3",3.902,183.9,609.6,793.5
"CMJ 3",3.904,177.4,613.5,790.9
"CMJ 3",3.906,168.7,619.6,788.3
"CMJ 3",3.908,161.9,625.8,787.7
"CMJ 3",3.91,157.7,626.9,784.6
"CMJ 3",3.912,156.9,629.1,786
"CMJ 3",3.914,152.1,630.8,782.9
"CMJ 3",3.916,149.2,635.8,785
"CMJ 3",3.918,145.7,636.9,782.6
"CMJ 3",3.92,143.5,643.6,787.1
"CMJ 3",3.922,141,647.5,788.5
"CMJ 3",3.924,136.9,648.6,785.5
"CMJ 3",3.926,133.3,653,786.3
"CMJ 3",3.928,131.6,658.6,790.2
"CMJ 3",3.93,129.9,661.4,791.3
"CMJ 3",3.932,126.9,663,789.9
"CMJ 3",3.934,124.5,667.5,792
"CMJ 3",3.936,122.8,673,795.8
"CMJ 3",3.938,120.3,676.4,796.7
"CMJ 3",3.94,117.3,680.3,797.6
"CMJ 3",3.942,118.3,682.5,800.8
"CMJ 3",3.944,114.6,686.9,801.5
"CMJ 3",3.946,113.3,689.7,803
"CMJ 3",3.948,110.6,695.3,805.9
"CMJ 3",3.95,110.3,696.4,806.7
"CMJ 3",3.952,108.9,700.3,809.2
"CMJ 3",3.954,106.1,702.5,808.6
"CMJ 3",3.956,105.4,704.2,809.6
"CMJ 3",3.958,102.4,705.8,808.2
"CMJ 3",3.96,99.7,708.6,808.3
"CMJ 3",3.962,97,710.8,807.8
"CMJ 3",3.964,94.6,713.6,808.2
"CMJ 3",3.966,90.3,714.2,804.5
"CMJ 3",3.968,89.2,716.4,805.6
"CMJ 3",3.97,85.2,718.1,803.3
"CMJ 3",3.972,82.8,719.7,802.5
"CMJ 3",3.974,79.3,720.3,799.6
"CMJ 3",3.976,77.6,720.3,797.9
"CMJ 3",3.978,73.6,720.3,793.9
"CMJ 3",3.98,69.3,719.2,788.5
"CMJ 3",3.982,67.3,721.4,788.7
"CMJ 3",3.984,59.6,720.8,780.4
"CMJ 3",3.986,58.1,723,781.1
"CMJ 3",3.988,55.9,725.3,781.2
"CMJ 3",3.99,53,723,776
"CMJ 3",3.992,49.2,723.6,772.8
"CMJ 3",3.994,48.3,724.7,773
"CMJ 3",3.996,45.4,726.4,771.8
"CMJ 3",3.998,42.4,725.8,768.2
"CMJ 3",4,39.9,728.6,768.5
"CMJ 3",4.002,37.3,729.7,767
"CMJ 3",4.004,34.2,729.7,763.9
"CMJ 3",4.006,33,734.2,767.2
"CMJ 3",4.008,30.1,734.2,764.3
"CMJ 3",4.01,28.6,735.3,763.9
"CMJ 3",4.012,26.1,735.8,761.9
"CMJ 3",4.014,22.6,737.5,760.1
"CMJ 3",4.016,22.7,739.7,762.4
"CMJ 3",4.018,22.7,742.5,765.2
"CMJ 3",4.02,20.5,742.5,763
"CMJ 3",4.022,17.4,744.7,762.1
"CMJ 3",4.024,15.8,744.7,760.5
"CMJ 3",4.026,12.6,748.1,760.7
"CMJ 3",4.028,13.4,750.8,764.2
"CMJ 3",4.03,10.3,752,762.3
"CMJ 3",4.032,8.7,752.5,761.2
"CMJ 3",4.034,7.8,756.4,764.2
"CMJ 3",4.036,6.4,757.5,763.9
"CMJ 3",4.038,5.6,758.1,763.7
"CMJ 3",4.04,0,758.1,758.1
"CMJ 3",4.042,0,760.8,760.8
"CMJ 3",4.044,0,760.9,760.9
"CMJ 3",4.046,0,762,762
"CMJ 3",4.048,0,763.6,763.6
"CMJ 3",4.05,0,765.3,765.3
"CMJ 3",4.052,0,763.6,763.6
"CMJ 3",4.054,0,765.3,765.3
"CMJ 3",4.056,0,767,767
"CMJ 3",4.058,0,768.1,768.1
"CMJ 3",4.06,0,767.5,767.5
"CMJ 3",4.062,0,767,767
"CMJ 3",4.064,0,768.7,768.7
"CMJ 3",4.066,0,769.8,769.8
"CMJ 3",4.068,0,769.2,769.2
"CMJ 3",4.07,0,768.1,768.1
"CMJ 3",4.072,0,769.2,769.2
"CMJ 3",4.074,0,766.4,766.4
"CMJ 3",4.076,0,766.4,766.4
"CMJ 3",4.078,0,763.7,763.7
"CMJ 3",4.08,0,763.7,763.7
"CMJ 3",4.082,0,763.1,763.1
"CMJ 3",4.084,0,762,762
"CMJ 3",4.086,0,760.9,760.9
"CMJ 3",4.088,0,759.2,759.2
"CMJ 3",4.09,0,755.9,755.9
"CMJ 3",4.092,0,755.3,755.3
"CMJ 3",4.094,0,754.7,754.7
"CMJ 3",4.096,0,753.1,753.1
"CMJ 3",4.098,0,749.8,749.8
"CMJ 3",4.1,0,749.8,749.8
"CMJ 3",4.102,0,749.8,749.8
"CMJ 3",4.104,0,745.3,745.3
"CMJ 3",4.106,0,744.7,744.7
"CMJ 3",4.108,0,740.3,740.3
"CMJ 3",4.11,0,740.3,740.3
"CMJ 3",4.112,0,738.6,738.6
"CMJ 3",4.114,0,735.9,735.9
"CMJ 3",4.116,0,733.6,733.6
"CMJ 3",4.118,0,732,732
"CMJ 3",4.12,0,730.9,730.9
"CMJ 3",4.122,0,729.2,729.2
"CMJ 3",4.124,0,725.3,725.3
"CMJ 3",4.126,0,723.6,723.6
"CMJ 3",4.128,0,723.6,723.6
"CMJ 3",4.13,0,720.9,720.9
"CMJ 3",4.132,0,719.7,719.7
"CMJ 3",4.134,0,717,717
"CMJ 3",4.136,0,715.3,715.3
"CMJ 3",4.138,0,713.1,713.1
"CMJ 3",4.14,0,710.3,710.3
"CMJ 3",4.142,0,709.8,709.8
"CMJ 3",4.144,0,705.3,705.3
"CMJ 3",4.146,0,707.5,707.5
"CMJ 3",4.148,0,705.3,705.3
"CMJ 3",4.15,0,703.6,703.6
"CMJ 3",4.152,0,700.9,700.9
"CMJ 3",4.154,0,700.9,700.9
"CMJ 3",4.156,0,699.7,699.7
"CMJ 3",4.158,0,695.9,695.9
"CMJ 3",4.16,0,697,697
"CMJ 3",4.162,0,696.4,696.4
"CMJ 3",4.164,0,695.3,695.3
"CMJ 3",4.166,0,697,697
"CMJ 3",4.168,0,698.1,698.1
"CMJ 3",4.17,0,697,697
"CMJ 3",4.172,0,697.5,697.5
"CMJ 3",4.174,0,697.5,697.5
"CMJ 3",4.176,0,700.9,700.9
"CMJ 3",4.178,0,702,702
"CMJ 3",4.18,0,702,702
"CMJ 3",4.182,0,704.2,704.2
"CMJ 3",4.184,0,704.2,704.2
"CMJ 3",4.186,0,707.5,707.5
"CMJ 3",4.188,0,707,707
"CMJ 3",4.19,0,710.8,710.8
"CMJ 3",4.192,0,708.6,708.6
"CMJ 3",4.194,0,712.5,712.5
"CMJ 3",4.196,0,713.6,713.6
"CMJ 3",4.198,0,718.1,718.1
"CMJ 3",4.2,0,717.5,717.5
"CMJ 3",4.202,0,720.9,720.9
"CMJ 3",4.204,0,722,722
"CMJ 3",4.206,7.9,723.6,731.5
"CMJ 3",4.208,53.4,725.3,778.7
"CMJ 3",4.21,85.4,730.3,815.7
"CMJ 3",4.212,57.3,733.6,790.9
"CMJ 3",4.214,14.7,734.7,749.4
"CMJ 3",4.216,13.8,731.9,745.7
"CMJ 3",4.218,34.4,745.9,780.3
"CMJ 3",4.22,18.6,746.4,765
"CMJ 3",4.222,24.4,739.7,764.1
"CMJ 3",4.224,47.5,744.2,791.7
"CMJ 3",4.226,52.3,753.1,805.4
"CMJ 3",4.228,46,754.2,800.2
"CMJ 3",4.23,48.5,747.5,796
"CMJ 3",4.232,58.1,751.9,810
"CMJ 3",4.234,59.3,757,816.3
"CMJ 3",4.236,56.9,756.4,813.3
"CMJ 3",4.238,56.9,754.7,811.6
"CMJ 3",4.24,64.2,756.4,820.6
"CMJ 3",4.242,67.9,762,829.9
"CMJ 3",4.244,69.9,763.1,833
"CMJ 3",4.246,73.2,760.8,834
"CMJ 3",4.248,78.1,760.3,838.4
"CMJ 3",4.25,79.1,761.4,840.5
"CMJ 3",4.252,80.9,763.1,844
"CMJ 3",4.254,85.7,761.9,847.6
"CMJ 3",4.256,90.5,761.9,852.4
"CMJ 3",4.258,95.3,760.8,856.1
"CMJ 3",4.26,99.5,759.7,859.2
"CMJ 3",4.262,106.1,757.5,863.6
"CMJ 3",4.264,113.4,755.3,868.7
"CMJ 3",4.266,119.2,753,872.2
"CMJ 3",4.268,128.9,753,881.9
"CMJ 3",4.27,140.2,750.8,891
"CMJ 3",4.272,160.1,747.5,907.6
"CMJ 3",4.274,195.2,740.8,936
"CMJ 3",4.276,206.9,739.7,946.6
"CMJ 3",4.278,207,736.9,943.9
"CMJ 3",4.28,225.7,725.8,951.5
"CMJ 3",4.282,253.4,721.9,975.3
"CMJ 3",4.284,275.3,718.6,993.9
"CMJ 3",4.286,283.8,712.4,996.2
"CMJ 3",4.288,281.1,701.9,983
"CMJ 3",4.29,290.9,691.3,982.2
"CMJ 3",4.292,303.7,683.5,987.2
"CMJ 3",4.294,308.7,676.3,985
"CMJ 3",4.296,307.2,650.1,957.3
"CMJ 3",4.298,311,638.5,949.5
"CMJ 3",4.3,311.8,628.5,940.3
"CMJ 3",4.302,308.9,617.3,926.2
"CMJ 3",4.304,304.8,603.5,908.3
"CMJ 3",4.306,303.1,592.3,895.4
"CMJ 3",4.308,300.3,584.6,884.9
"CMJ 3",4.31,296.2,571.2,867.4
"CMJ 3",4.312,289.4,559.6,849
"CMJ 3",4.314,285.5,549.6,835.1
"CMJ 3",4.316,279.3,540.7,820
"CMJ 3",4.318,274.6,532.3,806.9
"CMJ 3",4.32,269.1,522.3,791.4
"CMJ 3",4.322,264.3,515.7,780
"CMJ 3",4.324,257.6,506.8,764.4
"CMJ 3",4.326,253.9,500.1,754
"CMJ 3",4.328,250.7,494,744.7
"CMJ 3",4.33,245.7,486.8,732.5
"CMJ 3",4.332,242.7,479.6,722.3
"CMJ 3",4.334,239.1,476.2,715.3
"CMJ 3",4.336,236.4,466.8,703.2
"CMJ 3",4.338,233.7,464.6,698.3
"CMJ 3",4.34,230.5,457.9,688.4
"CMJ 3",4.342,230,454.5,684.5
"CMJ 3",4.344,230.4,450.7,681.1
"CMJ 3",4.346,227.9,446.8,674.7
"CMJ 3",4.348,228.4,442.9,671.3
"CMJ 3",4.35,228.2,440.1,668.3
"CMJ 3",4.352,229.5,434,663.5
"CMJ 3",4.354,229.3,430.6,659.9
"CMJ 3",4.356,230.4,427.9,658.3
"CMJ 3",4.358,231.9,424.5,656.4
"CMJ 3",4.36,234.6,421.7,656.3
"CMJ 3",4.362,236.6,418.4,655
"CMJ 3",4.364,239.1,416.2,655.3
"CMJ 3",4.366,239.5,411.7,651.2
"CMJ 3",4.368,241.9,410.6,652.5
"CMJ 3",4.37,244.8,408.4,653.2
"CMJ 3",4.372,246.7,405.1,651.8
"CMJ 3",4.374,252.7,400.6,653.3
"CMJ 3",4.376,255.3,399.5,654.8
"CMJ 3",4.378,257.6,397.3,654.9
"CMJ 3",4.38,261.6,397.3,658.9
"CMJ 3",4.382,264.5,393.9,658.4
"CMJ 3",4.384,266.5,392.3,658.8
"CMJ 3",4.386,270.2,389.5,659.7
"CMJ 3",4.388,273.9,388.9,662.8
"CMJ 3",4.39,275.4,383.4,658.8
"CMJ 3",4.392,281.5,381.2,662.7
"CMJ 3",4.394,284.7,378.4,663.1
"CMJ 3",4.396,287,376.7,663.7
"CMJ 3",4.398,291.1,375.6,666.7
"CMJ 3",4.4,294.6,373.4,668
"CMJ 3",4.402,297.2,372.3,669.5
"CMJ 3",4.404,298.3,368.9,667.2
"CMJ 3",4.406,302.5,366.7,669.2
"CMJ 3",4.408,305.5,366.7,672.2
"CMJ 3",4.41,308.2,363.4,671.6
"CMJ 3",4.412,310.4,361.2,671.6
"CMJ 3",4.414,312.2,358.4,670.6
"CMJ 3",4.416,315.2,358.4,673.6
"CMJ 3",4.418,317.5,357.3,674.8
"CMJ 3",4.42,320.8,354.5,675.3
"CMJ 3",4.422,323.7,351.7,675.4
"CMJ 3",4.424,326.6,349.5,676.1
"CMJ 3",4.426,328.8,348.4,677.2
"CMJ 3",4.428,330.7,346.7,677.4
"CMJ 3",4.43,335.2,343.4,678.6
"CMJ 3",4.432,337.4,341.7,679.1
"CMJ 3",4.434,339.1,337.3,676.4
"CMJ 3",4.436,342.7,336.2,678.9
"CMJ 3",4.438,345.2,334.5,679.7
"CMJ 3",4.44,348.7,332.8,681.5
"CMJ 3",4.442,348.5,329.5,678
"CMJ 3",4.444,352.1,331.2,683.3
"CMJ 3",4.446,356,327.3,683.3
"CMJ 3",4.448,358.7,327.3,686
"CMJ 3",4.45,360.7,325.6,686.3
"CMJ 3",4.452,366.4,321.2,687.6
"CMJ 3",4.454,367.8,320,687.8
"CMJ 3",4.456,371.1,318.9,690
"CMJ 3",4.458,375.6,315,690.6
"CMJ 3",4.46,376.9,315.6,692.5
"CMJ 3",4.462,380.9,312.3,693.2
"CMJ 3",4.464,385,310,695
"CMJ 3",4.466,388.6,310,698.6
"CMJ 3",4.468,391.6,310,701.6
"CMJ 3",4.47,394.6,307.8,702.4
"CMJ 3",4.472,398.9,305,703.9
"CMJ 3",4.474,402.7,303.9,706.6
"CMJ 3",4.476,405.4,303.9,709.3
"CMJ 3",4.478,410.3,302.3,712.6
"CMJ 3",4.48,414.6,300.6,715.2
"CMJ 3",4.482,418.2,299.5,717.7
"CMJ 3",4.484,423.6,298.9,722.5
"CMJ 3",4.486,427.1,296.1,723.2
"CMJ 3",4.488,431.3,297.3,728.6
"CMJ 3",4.49,435.8,295.6,731.4
"CMJ 3",4.492,439.8,296.2,736
"CMJ 3",4.494,442.5,293.4,735.9
"CMJ 3",4.496,447.1,292.3,739.4
"CMJ 3",4.498,452.4,292.2,744.6
"CMJ 3",4.5,454.2,291.2,745.4
"CMJ 3",4.502,458.7,288.9,747.6
"CMJ 3",4.504,461.1,290.6,751.7
"CMJ 3",4.506,466.5,290,756.5
"CMJ 3",4.508,468.9,286.7,755.6
"CMJ 3",4.51,471.8,287.8,759.6
"CMJ 3",4.512,474.5,286.7,761.2
"CMJ 3",4.514,476.7,287.3,764
"CMJ 3",4.516,480.8,283.4,764.2
"CMJ 3",4.518,482.5,285,767.5
"CMJ 3",4.52,487.1,281.7,768.8
"CMJ 3",4.522,488.2,280.6,768.8
"CMJ 3",4.524,489.7,278.4,768.1
"CMJ 3",4.526,491.6,277.8,769.4
"CMJ 3",4.528,493.5,277.2,770.7
"CMJ 3",4.53,497.1,273.9,771
"CMJ 3",4.532,498.4,273.4,771.8
"CMJ 3",4.534,498.9,271.1,770
"CMJ 3",4.536,500.6,270,770.6
"CMJ 3",4.538,501.5,269.4,770.9
"CMJ 3",4.54,502.3,265.6,767.9
"CMJ 3",4.542,502.9,263.9,766.8
"CMJ 3",4.544,503.5,260,763.5
"CMJ 3",4.546,504.4,258.3,762.7
"CMJ 3",4.548,503.5,257.8,761.3
"CMJ 3",4.55,504.4,253.3,757.7
"CMJ 3",4.552,505,250,755
"CMJ 3",4.554,505.4,250.5,755.9
"CMJ 3",4.556,506.7,245,751.7
"CMJ 3",4.558,506.1,243.9,750
"CMJ 3",4.56,506.8,239.4,746.2
"CMJ 3",4.562,507.2,237.2,744.4
"CMJ 3",4.564,507.4,233.3,740.7
"CMJ 3",4.566,506.6,231.1,737.7
"CMJ 3",4.568,506.1,231.1,737.2
"CMJ 3",4.57,507.1,226.1,733.2
"CMJ 3",4.572,507,222.7,729.7
"CMJ 3",4.574,508.9,217.7,726.6
"CMJ 3",4.576,508.8,215,723.8
"CMJ 3",4.578,508.9,213.8,722.7
"CMJ 3",4.58,508.5,210.5,719
"CMJ 3",4.582,510.3,208.8,719.1
"CMJ 3",4.584,511.7,205.5,717.2
"CMJ 3",4.586,512.7,202.7,715.4
"CMJ 3",4.588,512.4,200.5,712.9
"CMJ 3",4.59,513.5,197.7,711.2
"CMJ 3",4.592,512.6,196.1,708.7
"CMJ 3",4.594,513.4,193.3,706.7
"CMJ 3",4.596,512.7,191.6,704.3
"CMJ 3",4.598,513.2,190.5,703.7
"CMJ 3",4.6,513.7,187.2,700.9
"CMJ 3",4.602,513.6,186.6,700.2
"CMJ 3",4.604,512.4,185,697.4
"CMJ 3",4.606,511.5,181.1,692.6
"CMJ 3",4.608,511.4,181.6,693
"CMJ 3",4.61,511.4,176.1,687.5
"CMJ 3",4.612,511,176.1,687.1
"CMJ 3",4.614,509.4,173.9,683.3
"CMJ 3",4.616,510.9,172.2,683.1
"CMJ 3",4.618,510.6,172.2,682.8
"CMJ 3",4.62,510.1,170.5,680.6
"CMJ 3",4.622,510.5,170,680.5
"CMJ 3",4.624,508.8,168.3,677.1
"CMJ 3",4.626,509.1,167.7,676.8
"CMJ 3",4.628,509.9,166.6,676.5
"CMJ 3",4.63,511,166.1,677.1
"CMJ 3",4.632,511.2,162.7,673.9
"CMJ 3",4.634,510.5,163.9,674.4
"CMJ 3",4.636,511.8,163.3,675.1
"CMJ 3",4.638,511.3,163.3,674.6
"CMJ 3",4.64,511.8,160,671.8
"CMJ 3",4.642,513.1,160.5,673.6
"CMJ 3",4.644,514.3,160,674.3
"CMJ 3",4.646,514.8,158.3,673.1
"CMJ 3",4.648,516.2,158.3,674.5
"CMJ 3",4.65,518.1,156.1,674.2
"CMJ 3",4.652,518.4,157.2,675.6
"CMJ 3",4.654,519.9,156.1,676
"CMJ 3",4.656,520.6,154.4,675
"CMJ 3",4.658,521.5,153.8,675.3
"CMJ 3",4.66,522.8,153.9,676.7
"CMJ 3",4.662,524.5,153.9,678.4
"CMJ 3",4.664,525.4,153.9,679.3
"CMJ 3",4.666,526,153.3,679.3
"CMJ 3",4.668,527.7,151.6,679.3
"CMJ 3",4.67,529,153.3,682.3
"CMJ 3",4.672,529,152.2,681.2
"CMJ 3",4.674,529.1,151.1,680.2
"CMJ 3",4.676,528.2,151.6,679.8
"CMJ 3",4.678,527.8,152.7,680.5
"CMJ 3",4.68,530.8,150.5,681.3
"CMJ 3",4.682,530,150.5,680.5
"CMJ 3",4.684,529.2,152.2,681.4
"CMJ 3",4.686,531.4,152.2,683.6
"CMJ 3",4.688,532.1,153.9,686
"CMJ 3",4.69,530.1,149.4,679.5
"CMJ 3",4.692,532.1,150.5,682.6
"CMJ 3",4.694,533.5,149.4,682.9
"CMJ 3",4.696,535,150,685
"CMJ 3",4.698,535.9,149.4,685.3
"CMJ 3",4.7,538.2,149.4,687.6
"CMJ 3",4.702,537.8,149.4,687.2
"CMJ 3",4.704,540.5,148.8,689.3
"CMJ 3",4.706,542.3,147.2,689.5
"CMJ 3",4.708,545.9,150,695.9
"CMJ 3",4.71,546.8,147.2,694
"CMJ 3",4.712,547.4,149.4,696.8
"CMJ 3",4.714,550.9,147.7,698.6
"CMJ 3",4.716,552.9,146.6,699.5
"CMJ 3",4.718,556.1,148.3,704.4
"CMJ 3",4.72,557.1,148.3,705.4
"CMJ 3",4.722,561.2,146.1,707.3
"CMJ 3",4.724,561.9,146.1,708
"CMJ 3",4.726,563.7,145.5,709.2
"CMJ 3",4.728,566,146.1,712.1
"CMJ 3",4.73,568.2,148.3,716.5
"CMJ 3",4.732,567.9,144.4,712.3
"CMJ 3",4.734,570.7,143.9,714.6
"CMJ 3",4.736,572.2,144.4,716.6
"CMJ 3",4.738,574.6,143.8,718.4
"CMJ 3",4.74,574.6,142.2,716.8
"CMJ 3",4.742,577.6,142.2,719.8
"CMJ 3",4.744,578.6,142.2,720.8
"CMJ 3",4.746,579.6,141.6,721.2
"CMJ 3",4.748,580.9,142.7,723.6
"CMJ 3",4.75,581.6,141.1,722.7
"CMJ 3",4.752,581.7,141.6,723.3
"CMJ 3",4.754,582.5,141.1,723.6
"CMJ 3",4.756,584.2,141.6,725.8
"CMJ 3",4.758,584.4,140,724.4
"CMJ 3",4.76,585.8,139.4,725.2
"CMJ 3",4.762,584,137.2,721.2
"CMJ 3",4.764,585.1,137.2,722.3
"CMJ 3",4.766,586.8,137.7,724.5
"CMJ 3",4.768,586.8,136.6,723.4
"CMJ 3",4.77,588.3,136.6,724.9
"CMJ 3",4.772,587.6,135.5,723.1
"CMJ 3",4.774,588.6,136.1,724.7
"CMJ 3",4.776,589.2,135.5,724.7
"CMJ 3",4.778,588.8,133.8,722.6
"CMJ 3",4.78,591.9,133.3,725.2
